member_id,time_retrieved,honorific,first_name,last_name,constituency,province_territory,party,email,website,image_url,source_url
89156,1708714122709,,Ziad,Aboultaif,Edmonton Manning,Alberta,Conservative,ziad.aboultaif@parl.gc.ca,http://ziadaboultaif.ca,/Content/Parliamentarians/Images/OfficialMPPhotos/44/AboultaifZiad_CPC.jpg,https://www.ourcommons.ca/members/en/ziad-aboultaif(89156)
105340,1708714122709,,Scott,Aitchison,Parry Sound—Muskoka,Ontario,Conservative,Scott.Aitchison@parl.gc.ca,http://scottaitchisonmp.ca,/Content/Parliamentarians/Images/OfficialMPPhotos/44/AitchisonScott_CPC.jpg,https://www.ourcommons.ca/members/en/scott-aitchison(105340)
72029,1708714122709,,Dan,Albas,Central Okanagan—Similkameen—Nicola,British Columbia,Conservative,dan.albas@parl.gc.ca,http://www.danalbas.com,/Content/Parliamentarians/Images/OfficialMPPhotos/44/AlbasDan_CPC.jpg,https://www.ourcommons.ca/members/en/dan-albas(72029)
89258,1708714122709,,John,Aldag,Cloverdale—Langley City,British Columbia,Liberal,john.aldag@parl.gc.ca,http://johnaldagmp.ca,/Content/Parliamentarians/Images/OfficialMPPhotos/44/AldagJohn_Lib.jpg,https://www.ourcommons.ca/members/en/john-aldag(89258)
89535,1708714122709,Hon.,Omar,Alghabra,Mississauga Centre,Ontario,Liberal,omar.alghabra@parl.gc.ca,http://omaralghabra.libparl.ca,/Content/Parliamentarians/Images/OfficialMPPhotos/44/AlghabraOmar_Lib.jpg,https://www.ourcommons.ca/members/en/omar-alghabra(89535)
110339,1708714122709,,Shafqat,Ali,Brampton Centre,Ontario,Liberal,shafqat.ali@parl.gc.ca,http://shafqatali.libparl.ca,/Content/Parliamentarians/Images/OfficialMPPhotos/44/AliShafqat_Lib.jpg,https://www.ourcommons.ca/members/en/shafqat-ali(110339)
25446,1708714122709,,Dean,Allison,Niagara West,Ontario,Conservative,dean.allison@parl.gc.ca,http://www.deanallison.ca,/Content/Parliamentarians/Images/OfficialMPPhotos/44/AllisonDean_CPC.jpg,https://www.ourcommons.ca/members/en/dean-allison(25446)
96081,1708714122709,Hon.,Anita,Anand,Oakville,Ontario,Liberal,Anita.Anand@parl.gc.ca,http://anitaanand.libparl.ca,/Content/Parliamentarians/Images/OfficialMPPhotos/44/AnandAnita_Lib.jpg,https://www.ourcommons.ca/members/en/anita-anand(96081)
89449,1708714122709,Hon.,Gary,Anandasangaree,Scarborough—Rouge Park,Ontario,Liberal,gary.anand@parl.gc.ca,http://garyanandasangaree.libparl.ca,/Content/Parliamentarians/Images/OfficialMPPhotos/44/AnandasangareeGary_Lib.jpg,https://www.ourcommons.ca/members/en/gary-anandasangaree(89449)
25470,1708714122709,,Charlie,Angus,Timmins—James Bay,Ontario,NDP,charlie.angus@parl.gc.ca,http://www.charlieangus.ca,/Content/Parliamentarians/Images/OfficialMPPhotos/44/AngusCharlie_NDP.jpg,https://www.ourcommons.ca/members/en/charlie-angus(25470)
89294,1708714122709,,Mel,Arnold,North Okanagan—Shuswap,British Columbia,Conservative,mel.arnold@parl.gc.ca,http://melarnold.ca,/Content/Parliamentarians/Images/OfficialMPPhotos/44/ArnoldMel_CPC.jpg,https://www.ourcommons.ca/members/en/mel-arnold(89294)
89383,1708714122709,,René,Arseneault,Madawaska—Restigouche,New Brunswick,Liberal,rene.arseneault@parl.gc.ca,,/Content/Parliamentarians/Images/OfficialMPPhotos/44/ArseneaultRené_Lib.jpg,https://www.ourcommons.ca/members/en/rene-arseneault(89383)
88860,1708714122709,,Chandra,Arya,Nepean,Ontario,Liberal,chandra.arya@parl.gc.ca,http://chandraarya.libparl.ca,/Content/Parliamentarians/Images/OfficialMPPhotos/44/AryaChandra_Lib.jpg,https://www.ourcommons.ca/members/en/chandra-arya(88860)
36037,1708714122709,,Niki,Ashton,Churchill—Keewatinook Aski,Manitoba,NDP,niki.ashton@parl.gc.ca,http://nikiashton.ndp.ca,/Content/Parliamentarians/Images/OfficialMPPhotos/44/AshtonNiki_NDP.jpg,https://www.ourcommons.ca/members/en/niki-ashton(36037)
104586,1708714122709,,Jenica,Atwin,Fredericton,New Brunswick,Liberal,Jenica.Atwin@parl.gc.ca,http://jenicafredericton.ca,/Content/Parliamentarians/Images/OfficialMPPhotos/44/AtwinJenica_Lib.jpg,https://www.ourcommons.ca/members/en/jenica-atwin(104586)
105854,1708714122709,,Taylor,Bachrach,Skeena—Bulkley Valley,British Columbia,NDP,Taylor.Bachrach@parl.gc.ca,http://taylorbachrach.ndp.ca,/Content/Parliamentarians/Images/OfficialMPPhotos/44/BachrachTaylor_NDP.jpg,https://www.ourcommons.ca/members/en/taylor-bachrach(105854)
88867,1708714122709,,Vance,Badawey,Niagara Centre,Ontario,Liberal,vance.badawey@parl.gc.ca,http://vancebadawey.libparl.ca,/Content/Parliamentarians/Images/OfficialMPPhotos/44/BadaweyVance_Lib.jpg,https://www.ourcommons.ca/members/en/vance-badawey(88867)
111067,1708714122709,,Parm,Bains,Steveston—Richmond East,British Columbia,Liberal,parm.bains@parl.gc.ca,,/Content/Parliamentarians/Images/OfficialMPPhotos/44/BainsParm_Lib.jpg,https://www.ourcommons.ca/members/en/parm-bains(111067)
105121,1708714122709,,Yvan,Baker,Etobicoke Centre,Ontario,Liberal,Yvan.Baker@parl.gc.ca,http://yvanbaker.libparl.ca,/Content/Parliamentarians/Images/OfficialMPPhotos/44/BakerYvan_Lib.jpg,https://www.ourcommons.ca/members/en/yvan-baker(105121)
30330,1708714122709,,Tony,Baldinelli,Niagara Falls,Ontario,Conservative,Tony.Baldinelli@parl.gc.ca,http://www.tonybaldinellimp.ca,/Content/Parliamentarians/Images/OfficialMPPhotos/44/BaldinelliTony_CPC.jpg,https://www.ourcommons.ca/members/en/tony-baldinelli(30330)
86261,1708714122709,,John,Barlow,Foothills,Alberta,Conservative,john.barlow@parl.gc.ca,http://johnbarlowmp.ca,/Content/Parliamentarians/Images/OfficialMPPhotos/44/BarlowJohn_CPC.jpg,https://www.ourcommons.ca/members/en/john-barlow(86261)
102275,1708714122709,,Michael,Barrett,Leeds—Grenville—Thousand Islands and Rideau Lakes,Ontario,Conservative,Michael.Barrett@parl.gc.ca,,/Content/Parliamentarians/Images/OfficialMPPhotos/44/BarrettMichael_CPC.jpg,https://www.ourcommons.ca/members/en/michael-barrett(102275)
111023,1708714122709,,Lisa Marie,Barron,Nanaimo—Ladysmith,British Columbia,NDP,lisamarie.barron@parl.gc.ca,http://lisamariebarron.ndp.ca,/Content/Parliamentarians/Images/OfficialMPPhotos/44/BarronLisaMarie_NDP.jpg,https://www.ourcommons.ca/members/en/lisa-marie-barron(111023)
88422,1708714122709,,Xavier,Barsalou-Duval,Pierre-Boucher—Les Patriotes—Verchères,Quebec,Bloc Québécois,xavier.barsalou-duval@parl.gc.ca,,/Content/Parliamentarians/Images/OfficialMPPhotos/44/BarsalouDuvalXavier_BQ.jpg,https://www.ourcommons.ca/members/en/xavier-barsalou-duval(88422)
104571,1708714122709,,Jaime,Battiste,Sydney—Victoria,Nova Scotia,Liberal,Jaime.Battiste@parl.gc.ca,,/Content/Parliamentarians/Images/OfficialMPPhotos/44/BattisteJaime_Lib.jpg,https://www.ourcommons.ca/members/en/jaime-battiste(104571)
376,1708714122709,,Mario,Beaulieu,La Pointe-de-l'Île,Quebec,Bloc Québécois,mario.beaulieu@parl.gc.ca,,/Content/Parliamentarians/Images/OfficialMPPhotos/44/BeaulieuMario_BQ.jpg,https://www.ourcommons.ca/members/en/mario-beaulieu(376)
89236,1708714122709,Hon.,Terry,Beech,Burnaby North—Seymour,British Columbia,Liberal,terry.beech@parl.gc.ca,http://terrybeechmp.ca,/Content/Parliamentarians/Images/OfficialMPPhotos/44/BeechTerry_Lib.jpg,https://www.ourcommons.ca/members/en/terry-beech(89236)
88567,1708714122709,,Rachel,Bendayan,Outremont,Quebec,Liberal,Rachel.Bendayan@parl.gc.ca,,/Content/Parliamentarians/Images/OfficialMPPhotos/44/BendayanRachel_Lib.jpg,https://www.ourcommons.ca/members/en/rachel-bendayan(88567)
496,1708714122709,,Stéphane,Bergeron,Montarville,Quebec,Bloc Québécois,Stephane.Bergeron@parl.gc.ca,http://www.stephanebergeron.net,/Content/Parliamentarians/Images/OfficialMPPhotos/44/BergeronStéphane_BQ.jpg,https://www.ourcommons.ca/members/en/stephane-bergeron(496)
88541,1708714122709,,Luc,Berthold,Mégantic—L'Érable,Quebec,Conservative,luc.berthold@parl.gc.ca,http://lucberthold.ca,/Content/Parliamentarians/Images/OfficialMPPhotos/44/BertholdLuc_CPC.jpg,https://www.ourcommons.ca/members/en/luc-berthold(88541)
104622,1708714122709,,Sylvie,Bérubé,Abitibi—Baie-James—Nunavik—Eeyou,Quebec,Bloc Québécois,Sylvie.Berube@parl.gc.ca,http://deputee.sylvieberube.info,/Content/Parliamentarians/Images/OfficialMPPhotos/44/BérubéSylvie_BQ.jpg,https://www.ourcommons.ca/members/en/sylvie-berube(104622)
25475,1708714122709,,James,Bezan,Selkirk—Interlake—Eastman,Manitoba,Conservative,james.bezan@parl.gc.ca,,/Content/Parliamentarians/Images/OfficialMPPhotos/44/BezanJames_CPC.jpg,https://www.ourcommons.ca/members/en/james-bezan(25475)
88449,1708714122709,Hon.,Marie-Claude,Bibeau,Compton—Stanstead,Quebec,Liberal,marie-claude.bibeau@parl.gc.ca,http://marieclaudebibeau.libparl.ca/?lang=en,/Content/Parliamentarians/Images/OfficialMPPhotos/44/BibeauMarie-Claude_Lib.jpg,https://www.ourcommons.ca/members/en/marie-claude-bibeau(88449)
88934,1708714122709,,Chris,Bittle,St. Catharines,Ontario,Liberal,chris.bittle@parl.gc.ca,http://chrisbittle.libparl.ca,/Content/Parliamentarians/Images/OfficialMPPhotos/44/BittleChris_Lib.jpg,https://www.ourcommons.ca/members/en/chris-bittle(88934)
89032,1708714122709,,Daniel,Blaikie,Elmwood—Transcona,Manitoba,NDP,daniel.blaikie@parl.gc.ca,http://www.danielblaikiemp.ca,/Content/Parliamentarians/Images/OfficialMPPhotos/44/BlaikieDaniel_NDP.jpg,https://www.ourcommons.ca/members/en/daniel-blaikie(89032)
88961,1708714122709,Hon.,Bill,Blair,Scarborough Southwest,Ontario,Liberal,bill.blair@parl.gc.ca,http://billblair.libparl.ca,/Content/Parliamentarians/Images/OfficialMPPhotos/44/BlairBill_Lib.jpg,https://www.ourcommons.ca/members/en/bill-blair(88961)
104669,1708714122709,,Yves-François,Blanchet,Beloeil—Chambly,Quebec,Bloc Québécois,Yves-Francois.Blanchet@parl.gc.ca,,/Content/Parliamentarians/Images/OfficialMPPhotos/44/BlanchetYves-François_BQ.jpg,https://www.ourcommons.ca/members/en/yves-francois-blanchet(104669)
104705,1708714122709,,Maxime,Blanchette-Joncas,Rimouski-Neigette—Témiscouata—Les Basques,Quebec,Bloc Québécois,Maxime.Blanchette-Joncas@parl.gc.ca,http://www.maximeblanchettejoncas.quebec,/Content/Parliamentarians/Images/OfficialMPPhotos/44/Blanchette-JoncasMaxime_BQ.jpg,https://www.ourcommons.ca/members/en/maxime-blanchette-joncas(104705)
89354,1708714122709,,Rachel,Blaney,North Island—Powell River,British Columbia,NDP,rachel.blaney@parl.gc.ca,http://rachelblaney.ndp.ca,/Content/Parliamentarians/Images/OfficialMPPhotos/44/BlaneyRachel_NDP.jpg,https://www.ourcommons.ca/members/en/rachel-blaney(89354)
59156,1708714122709,,Kelly,Block,Carlton Trail—Eagle Creek,Saskatchewan,Conservative,kelly.block@parl.gc.ca,,/Content/Parliamentarians/Images/OfficialMPPhotos/44/BlockKelly_CPC.jpg,https://www.ourcommons.ca/members/en/kelly-block(59156)
104555,1708714122709,,Kody,Blois,Kings—Hants,Nova Scotia,Liberal,Kody.Blois@parl.gc.ca,http://kodyblois.libparl.ca,/Content/Parliamentarians/Images/OfficialMPPhotos/44/BloisKody_Lib.jpg,https://www.ourcommons.ca/members/en/kody-blois(104555)
89147,1708714122709,Hon.,Randy,Boissonnault,Edmonton Centre,Alberta,Liberal,randy.boissonnault@parl.gc.ca,,/Content/Parliamentarians/Images/OfficialMPPhotos/44/BoissonnaultRandy_Lib.jpg,https://www.ourcommons.ca/members/en/randy-boissonnault(89147)
58775,1708714122709,,Alexandre,Boulerice,Rosemont—La Petite-Patrie,Quebec,NDP,Alexandre.Boulerice@parl.gc.ca,http://www.boulerice.org,/Content/Parliamentarians/Images/OfficialMPPhotos/44/BoulericeAlexandre_NDP.jpg,https://www.ourcommons.ca/members/en/alexandre-boulerice(58775)
110487,1708714122709,,Valerie,Bradford,Kitchener South—Hespeler,Ontario,Liberal,valerie.bradford@parl.gc.ca,http://valeriebradford.libparl.ca,/Content/Parliamentarians/Images/OfficialMPPhotos/44/BradfordValerie_Lib.jpg,https://www.ourcommons.ca/members/en/valerie-bradford(110487)
88369,1708714122709,,Richard,Bragdon,Tobique—Mactaquac,New Brunswick,Conservative,Richard.Bragdon@parl.gc.ca,,/Content/Parliamentarians/Images/OfficialMPPhotos/44/BragdonRichard_CPC.jpg,https://www.ourcommons.ca/members/en/richard-bragdon(88369)
88674,1708714122709,,John,Brassard,Barrie—Innisfil,Ontario,Conservative,john.brassard@parl.gc.ca,http://johnbrassard.com,/Content/Parliamentarians/Images/OfficialMPPhotos/44/BrassardJohn_CPC.jpg,https://www.ourcommons.ca/members/en/john-brassard(88674)
104977,1708714122709,,Élisabeth,Brière,Sherbrooke,Quebec,Liberal,Elisabeth.Briere@parl.gc.ca,http://elisabethbriere.libparl.ca,/Content/Parliamentarians/Images/OfficialMPPhotos/44/BrièreÉlisabeth_Lib.jpg,https://www.ourcommons.ca/members/en/elisabeth-briere(104977)
110354,1708714122709,,Larry,Brock,Brantford—Brant,Ontario,Conservative,larry.brock@parl.gc.ca,http://www.larrybrockmp.ca,/Content/Parliamentarians/Images/OfficialMPPhotos/44/BrockLarry_CPC.jpg,https://www.ourcommons.ca/members/en/larry-brock(110354)
104786,1708714122709,,Alexis,Brunelle-Duceppe,Lac-Saint-Jean,Quebec,Bloc Québécois,Alexis.Brunelle-Duceppe@parl.gc.ca,,/Content/Parliamentarians/Images/OfficialMPPhotos/44/Brunelle-DuceppeAlexis_BQ.jpg,https://www.ourcommons.ca/members/en/alexis-brunelle-duceppe(104786)
35897,1708714122709,,Blaine,Calkins,Red Deer—Lacombe,Alberta,Conservative,blaine.calkins@parl.gc.ca,http://blainecalkinsmp.ca,/Content/Parliamentarians/Images/OfficialMPPhotos/44/CalkinsBlaine_CPC.jpg,https://www.ourcommons.ca/members/en/blaine-calkins(35897)
89327,1708714122709,,Richard,Cannings,South Okanagan—West Kootenay,British Columbia,NDP,richard.cannings@parl.gc.ca,http://richardcannings.ndp.ca,/Content/Parliamentarians/Images/OfficialMPPhotos/44/CanningsRichard_NDP.jpg,https://www.ourcommons.ca/members/en/richard-cannings(89327)
111007,1708714122709,,Frank,Caputo,Kamloops—Thompson—Cariboo,British Columbia,Conservative,frank.caputo@parl.gc.ca,,/Content/Parliamentarians/Images/OfficialMPPhotos/44/CaputoFrank_CPC.jpg,https://www.ourcommons.ca/members/en/frank-caputo(111007)
115744,1708714122709,,Ben,Carr,Winnipeg South Centre,Manitoba,Liberal,ben.carr@parl.gc.ca,http://bencarr.libparl.ca,/Content/Parliamentarians/Images/OfficialMPPhotos/44/CarrBen_Lib.jpg,https://www.ourcommons.ca/members/en/ben-carr(115744)
25486,1708714122709,,Colin,Carrie,Oshawa,Ontario,Conservative,colin.carrie@parl.gc.ca,http://www.colincarriemp.ca,/Content/Parliamentarians/Images/OfficialMPPhotos/44/CarrieColin_CPC.jpg,https://www.ourcommons.ca/members/en/colin-carrie(25486)
71270,1708714122709,,Sean,Casey,Charlottetown,Prince Edward Island,Liberal,sean.casey@parl.gc.ca,http://seancasey.libparl.ca,/Content/Parliamentarians/Images/OfficialMPPhotos/44/CaseySean_Lib.jpg,https://www.ourcommons.ca/members/en/sean-casey(71270)
104678,1708714122709,,Louise,Chabot,Thérèse-De Blainville,Quebec,Bloc Québécois,Louise.Chabot@parl.gc.ca,http://www.louisechabot.quebec,/Content/Parliamentarians/Images/OfficialMPPhotos/44/ChabotLouise_BQ.jpg,https://www.ourcommons.ca/members/en/louise-chabot(104678)
89000,1708714122709,Hon.,Bardish,Chagger,Waterloo,Ontario,Liberal,bardish.chagger@parl.gc.ca,http://bardishchaggermp.ca,/Content/Parliamentarians/Images/OfficialMPPhotos/44/ChaggerBardish_Lib.jpg,https://www.ourcommons.ca/members/en/bardish-chagger(89000)
110882,1708714122709,,George,Chahal,Calgary Skyview,Alberta,Liberal,george.chahal@parl.gc.ca,http://www.georgechahalmp.ca,/Content/Parliamentarians/Images/OfficialMPPhotos/44/ChahalGeorge_Lib.jpg,https://www.ourcommons.ca/members/en/george-chahal(110882)
110649,1708714122709,,Adam,Chambers,Simcoe North,Ontario,Conservative,adam.chambers@parl.gc.ca,http://adamchambersmp.ca,/Content/Parliamentarians/Images/OfficialMPPhotos/44/ChambersAdam_CPC.jpg,https://www.ourcommons.ca/members/en/adam-chambers(110649)
88633,1708714122709,Hon.,François-Philippe,Champagne,Saint-Maurice—Champlain,Quebec,Liberal,francois-philippe.champagne@parl.gc.ca,,/Content/Parliamentarians/Images/OfficialMPPhotos/44/ChampagneFrancoisPhilippe_Lib.jpg,https://www.ourcommons.ca/members/en/francois-philippe-champagne(88633)
104741,1708714122709,,Martin,Champoux,Drummond,Quebec,Bloc Québécois,Martin.Champoux@parl.gc.ca,http://martinchampoux.com,/Content/Parliamentarians/Images/OfficialMPPhotos/44/ChampouxMartin_BQ.jpg,https://www.ourcommons.ca/members/en/martin-champoux(104741)
110225,1708714122709,,Sophie,Chatel,Pontiac,Quebec,Liberal,sophie.chatel@parl.gc.ca,http://sophiechatel.libparl.ca/?lang=en,/Content/Parliamentarians/Images/OfficialMPPhotos/44/ChatelSophie_Lib.jpg,https://www.ourcommons.ca/members/en/sophie-chatel(110225)
88953,1708714122709,,Shaun,Chen,Scarborough North,Ontario,Liberal,shaun.chen@parl.gc.ca,http://shaunchen.libparl.ca,/Content/Parliamentarians/Images/OfficialMPPhotos/44/ChenShaun_Lib.jpg,https://www.ourcommons.ca/members/en/shaun-chen(88953)
110513,1708714122709,,Paul,Chiang,Markham—Unionville,Ontario,Liberal,paul.chiang@parl.gc.ca,http://paulchiang.libparl.ca,/Content/Parliamentarians/Images/OfficialMPPhotos/44/ChiangPaul_Lib.jpg,https://www.ourcommons.ca/members/en/paul-chiang(110513)
25488,1708714122709,Hon.,Michael,Chong,Wellington—Halton Hills,Ontario,Conservative,michael.chong@parl.gc.ca,http://michaelchong.ca,/Content/Parliamentarians/Images/OfficialMPPhotos/44/ChongMichaelD_CPC.jpg,https://www.ourcommons.ca/members/en/michael-d-chong(25488)
110438,1708714122709,,Chad,Collins,Hamilton East—Stoney Creek,Ontario,Liberal,chad.collins@parl.gc.ca,http://chadcollins.libparl.ca,/Content/Parliamentarians/Images/OfficialMPPhotos/44/CollinsChad_Lib.jpg,https://www.ourcommons.ca/members/en/chad-collins(110438)
105908,1708714122709,,Laurel,Collins,Victoria,British Columbia,NDP,Laurel.Collins@parl.gc.ca,http://laurelcollins.ndp.ca,/Content/Parliamentarians/Images/OfficialMPPhotos/44/CollinsLaurel_NDP.jpg,https://www.ourcommons.ca/members/en/laurel-collins(105908)
89219,1708714122709,,Michael,Cooper,St. Albert—Edmonton,Alberta,Conservative,michael.cooper@parl.gc.ca,http://michaelcoopermp.ca,/Content/Parliamentarians/Images/OfficialMPPhotos/44/CooperMichael_CPC.jpg,https://www.ourcommons.ca/members/en/michael-cooper(89219)
88350,1708714122709,,Serge,Cormier,Acadie—Bathurst,New Brunswick,Liberal,serge.cormier@parl.gc.ca,http://sergecormier.libparl.ca/?lang=en,/Content/Parliamentarians/Images/OfficialMPPhotos/44/CormierSerge_Lib.jpg,https://www.ourcommons.ca/members/en/serge-cormier(88350)
110373,1708714122709,,Michael,Coteau,Don Valley East,Ontario,Liberal,michael.coteau@parl.gc.ca,http://michaelcoteau.libparl.ca,/Content/Parliamentarians/Images/OfficialMPPhotos/44/CoteauMichael_Lib.jpg,https://www.ourcommons.ca/members/en/michael-coteau(110373)
88994,1708714122709,,Julie,Dabrusin,Toronto—Danforth,Ontario,Liberal,julie.dabrusin@parl.gc.ca,http://juliedabrusin.libparl.ca,/Content/Parliamentarians/Images/OfficialMPPhotos/44/DabrusinJulie_Lib.jpg,https://www.ourcommons.ca/members/en/julie-dabrusin(88994)
35909,1708714122709,,Marc,Dalton,Pitt Meadows—Maple Ridge,British Columbia,Conservative,Marc.Dalton@parl.gc.ca,http://www.marcdaltonmp.com,/Content/Parliamentarians/Images/OfficialMPPhotos/44/DaltonMarc_CPC.jpg,https://www.ourcommons.ca/members/en/marc-dalton(35909)
88884,1708714122709,,Pam,Damoff,Oakville North—Burlington,Ontario,Liberal,pam.damoff@parl.gc.ca,http://pamdamoff.libparl.ca,/Content/Parliamentarians/Images/OfficialMPPhotos/44/DamoffPam_lib.jpg,https://www.ourcommons.ca/members/en/pam-damoff(88884)
105521,1708714122709,,Raquel,Dancho,Kildonan—St. Paul,Manitoba,Conservative,Raquel.Dancho@parl.gc.ca,http://mpraqueldancho.ca,/Content/Parliamentarians/Images/OfficialMPPhotos/44/DanchoRaquel_CPC.jpg,https://www.ourcommons.ca/members/en/raquel-dancho(105521)
102653,1708714122709,,Scot,Davidson,York—Simcoe,Ontario,Conservative,Scot.Davidson@parl.gc.ca,http://www.scotdavidson.ca,/Content/Parliamentarians/Images/OfficialMPPhotos/44/DavidsonScot_CPC.jpg,https://www.ourcommons.ca/members/en/scot-davidson(102653)
59325,1708714122709,,Don,Davies,Vancouver Kingsway,British Columbia,NDP,don.davies@parl.gc.ca,http://www.dondavies.ca,/Content/Parliamentarians/Images/OfficialMPPhotos/44/DaviesDon_NDP.jpg,https://www.ourcommons.ca/members/en/don-davies(59325)
35315,1708714122709,,Claude,DeBellefeuille,Salaberry—Suroît,Quebec,Bloc Québécois,Claude.DeBellefeuille@parl.gc.ca,http://www.claudedebellefeuille.quebec,/Content/Parliamentarians/Images/OfficialMPPhotos/44/DeBellefeuilleClaude_BQ.jpg,https://www.ourcommons.ca/members/en/claude-debellefeuille(35315)
88535,1708714122709,,Gérard,Deltell,Louis-Saint-Laurent,Quebec,Conservative,gerard.deltell@parl.gc.ca,,/Content/Parliamentarians/Images/OfficialMPPhotos/44/DeltellGérard_CPC.jpg,https://www.ourcommons.ca/members/en/gerard-deltell(88535)
49344,1708714122709,,Chris,d'Entremont,West Nova,Nova Scotia,Conservative,Chris.dEntremont@parl.gc.ca,http://chrisdentremont.ca/en,/Content/Parliamentarians/Images/OfficialMPPhotos/44/DentremontChris_CPC.jpg,https://www.ourcommons.ca/members/en/chris-dentremont(49344)
104715,1708714122709,,Caroline,Desbiens,Beauport—Côte-de-Beaupré—Île d'Orléans—Charlevoix,Quebec,Bloc Québécois,Caroline.Desbiens@parl.gc.ca,,/Content/Parliamentarians/Images/OfficialMPPhotos/44/DesbiensCaroline_BQ.jpg,https://www.ourcommons.ca/members/en/caroline-desbiens(104715)
104922,1708714122709,,Luc,Desilets,Rivière-des-Mille-Îles,Quebec,Bloc Québécois,Luc.Desilets@parl.gc.ca,http://lucdesilets.quebec,/Content/Parliamentarians/Images/OfficialMPPhotos/44/DesiletsLuc_BQ.jpg,https://www.ourcommons.ca/members/en/luc-desilets(104922)
110889,1708714122709,,Blake,Desjarlais,Edmonton Griesbach,Alberta,NDP,blake.desjarlais@parl.gc.ca,http://blakedesjarlais.ndp.ca,/Content/Parliamentarians/Images/OfficialMPPhotos/44/DesjarlaisBlake_NDP.jpg,https://www.ourcommons.ca/members/en/blake-desjarlais(110889)
31098,1708714122709,,Sukh,Dhaliwal,Surrey—Newton,British Columbia,Liberal,sukh.dhaliwal@parl.gc.ca,http://sukhdhaliwal.libparl.ca,/Content/Parliamentarians/Images/OfficialMPPhotos/44/DhaliwalSukh_Lib.jpg,https://www.ourcommons.ca/members/en/sukh-dhaliwal(31098)
88453,1708714122709,,Anju,Dhillon,Dorval—Lachine—LaSalle,Quebec,Liberal,anju.dhillon@parl.gc.ca,http://anjudhillon.libparl.ca/?lang=en,/Content/Parliamentarians/Images/OfficialMPPhotos/44/DhillonAnju_Lib.jpg,https://www.ourcommons.ca/members/en/anju-dhillon(88453)
109915,1708714122709,,Lena Metlege,Diab,Halifax West,Nova Scotia,Liberal,lenametlege.diab@parl.gc.ca,http://lenametlegediab.libparl.ca,/Content/Parliamentarians/Images/OfficialMPPhotos/44/DiabLenaMetlege_Lib.jpg,https://www.ourcommons.ca/members/en/lena-metlege-diab(109915)
89249,1708714122709,,Todd,Doherty,Cariboo—Prince George,British Columbia,Conservative,todd.doherty@parl.gc.ca,,/Content/Parliamentarians/Images/OfficialMPPhotos/44/DohertyTodd_CPC.jpg,https://www.ourcommons.ca/members/en/todd-doherty(89249)
105091,1708714122709,,Han,Dong,Don Valley North,Ontario,Independent,Han.Dong@parl.gc.ca,,/Content/Parliamentarians/Images/OfficialMPPhotos/44/DongHan_Lib.jpg,https://www.ourcommons.ca/members/en/han-dong(105091)
105410,1708714122709,,Terry,Dowdall,Simcoe—Grey,Ontario,Conservative,Terry.Dowdall@parl.gc.ca,http://terrydowdallmp.ca,/Content/Parliamentarians/Images/OfficialMPPhotos/44/DowdallTerry_CPC.jpg,https://www.ourcommons.ca/members/en/terry-dowdall(105410)
59226,1708714122709,,Earl,Dreeshen,Red Deer—Mountain View,Alberta,Conservative,earl.dreeshen@parl.gc.ca,http://www.earldreeshen.ca,/Content/Parliamentarians/Images/OfficialMPPhotos/44/DreeshenEarl_CPC.jpg,https://www.ourcommons.ca/members/en/earl-dreeshen(59226)
88756,1708714122709,,Francis,Drouin,Glengarry—Prescott—Russell,Ontario,Liberal,francis.drouin@parl.gc.ca,,/Content/Parliamentarians/Images/OfficialMPPhotos/44/DrouinFrancis_Lib.jpg,https://www.ourcommons.ca/members/en/francis-drouin(88756)
84660,1708714122709,,Emmanuel,Dubourg,Bourassa,Quebec,Liberal,emmanuel.dubourg@parl.gc.ca,http://emmanueldubourg.libparl.ca/?lang=en,/Content/Parliamentarians/Images/OfficialMPPhotos/44/DubourgEmmanuel_Lib.jpg,https://www.ourcommons.ca/members/en/emmanuel-dubourg(84660)
89408,1708714122709,Hon.,Jean-Yves,Duclos,Québec,Quebec,Liberal,jean-yves.duclos@parl.gc.ca,http://jeanyvesduclos.libparl.ca,/Content/Parliamentarians/Images/OfficialMPPhotos/44/DuclosJeanYves_Lib.jpg,https://www.ourcommons.ca/members/en/jean-yves-duclos(89408)
31119,1708714122709,,Terry,Duguid,Winnipeg South,Manitoba,Liberal,terry.duguid@parl.gc.ca,http://terryduguid.libparl.ca,/Content/Parliamentarians/Images/OfficialMPPhotos/44/DuguidTerry_Lib.jpg,https://www.ourcommons.ca/members/en/terry-duguid(31119)
105422,1708714122709,,Eric,Duncan,Stormont—Dundas—South Glengarry,Ontario,Conservative,Eric.Duncan@parl.gc.ca,http://ericduncanmp.ca,/Content/Parliamentarians/Images/OfficialMPPhotos/44/DuncanEric_CPC.jpg,https://www.ourcommons.ca/members/en/eric-duncan(105422)
58877,1708714122709,Hon.,Kirsty,Duncan,Etobicoke North,Ontario,Liberal,kirsty.duncan@parl.gc.ca,http://kirstyduncan.libparl.ca,/Content/Parliamentarians/Images/OfficialMPPhotos/44/DuncanKirsty_Lib.jpg,https://www.ourcommons.ca/members/en/kirsty-duncan(58877)
88721,1708714122709,,Julie,Dzerowicz,Davenport,Ontario,Liberal,julie.dzerowicz@parl.gc.ca,http://juliedzerowicz.ca,/Content/Parliamentarians/Images/OfficialMPPhotos/44/DzerowiczJulie_Lib.jpg,https://www.ourcommons.ca/members/en/julie-dzerowicz(88721)
89010,1708714122709,,Ali,Ehsassi,Willowdale,Ontario,Liberal,ali.ehsassi@parl.gc.ca,http://aliehsassi.libparl.ca,/Content/Parliamentarians/Images/OfficialMPPhotos/44/EhsassiAli_Lib.jpg,https://www.ourcommons.ca/members/en/ali-ehsassi(89010)
88515,1708714122709,,Fayçal,El-Khoury,Laval—Les Îles,Quebec,Liberal,faycal.el-khoury@parl.gc.ca,http://faycalelkhoury.libparl.ca/?lang=en,/Content/Parliamentarians/Images/OfficialMPPhotos/44/ElKhouryFayçal_Lib.jpg,https://www.ourcommons.ca/members/en/faycal-el-khoury(88515)
109905,1708714122709,,Stephen,Ellis,Cumberland—Colchester,Nova Scotia,Conservative,stephen.ellis@parl.gc.ca,http://drstephenellismp.com,/Content/Parliamentarians/Images/OfficialMPPhotos/44/EllisStephen_CPC.jpg,https://www.ourcommons.ca/members/en/stephen-ellis(109905)
105082,1708714122709,,Dave,Epp,Chatham-Kent—Leamington,Ontario,Conservative,Dave.Epp@parl.gc.ca,http://www.daveeppmp.ca,/Content/Parliamentarians/Images/OfficialMPPhotos/44/EppDave_CPC.jpg,https://www.ourcommons.ca/members/en/dave-epp(105082)
88687,1708714122709,,Nathaniel,Erskine-Smith,Beaches—East York,Ontario,Liberal,nathaniel.erskine-smith@parl.gc.ca,http://beynate.ca,/Content/Parliamentarians/Images/OfficialMPPhotos/44/Erskine-SmithNathaniel_Lib.jpg,https://www.ourcommons.ca/members/en/nathaniel-erskine-smith(88687)
98749,1708714122709,,Rosemarie,Falk,Battlefords—Lloydminster,Saskatchewan,Conservative,Rosemarie.Falk@parl.gc.ca,http://www.rosemariefalk.ca,/Content/Parliamentarians/Images/OfficialMPPhotos/44/FalkRosemarie_CPC.jpg,https://www.ourcommons.ca/members/en/rosemarie-falk(98749)
84672,1708714122709,,Ted,Falk,Provencher,Manitoba,Conservative,ted.falk@parl.gc.ca,http://tedfalk.ca,/Content/Parliamentarians/Images/OfficialMPPhotos/44/FalkTed_CPC.jpg,https://www.ourcommons.ca/members/en/ted-falk(84672)
35904,1708714122709,Hon.,Ed,Fast,Abbotsford,British Columbia,Conservative,ed.fast@parl.gc.ca,http://www.edfast.ca,/Content/Parliamentarians/Images/OfficialMPPhotos/44/FastEd_CPC.jpg,https://www.ourcommons.ca/members/en/ed-fast(35904)
88478,1708714122709,Hon.,Greg,Fergus,Hull—Aylmer,Quebec,Liberal,Greg.Fergus@parl.gc.ca,http://gregfergus.libparl.ca/?lang=en,/Content/Parliamentarians/Images/OfficialMPPhotos/44/FergusGreg_Lib.jpg,https://www.ourcommons.ca/members/en/greg-fergus(88478)
110604,1708714122709,,Michelle,Ferreri,Peterborough—Kawartha,Ontario,Conservative,michelle.ferreri@parl.gc.ca,http://michelleferrerimp.ca,/Content/Parliamentarians/Images/OfficialMPPhotos/44/FerreriMichelle_CPC.jpg,https://www.ourcommons.ca/members/en/michelle-ferreri(110604)
88325,1708714122709,,Andy,Fillmore,Halifax,Nova Scotia,Liberal,andy.fillmore@parl.gc.ca,http://www.andyfillmoremp.ca,/Content/Parliamentarians/Images/OfficialMPPhotos/44/FillmoreAndy_Lib.jpg,https://www.ourcommons.ca/members/en/andy-fillmore(88325)
20878,1708714122709,Hon.,Kerry-Lynne,Findlay,South Surrey—White Rock,British Columbia,Conservative,kerry-lynne.findlay@parl.gc.ca,http://klfindlay.com,/Content/Parliamentarians/Images/OfficialMPPhotos/44/FindlayKerryLynne_CPC.jpg,https://www.ourcommons.ca/members/en/kerry-lynne-d-findlay(20878)
88323,1708714122709,,Darren,Fisher,Dartmouth—Cole Harbour,Nova Scotia,Liberal,darren.fisher@parl.gc.ca,http://darrenfisher.ca,/Content/Parliamentarians/Images/OfficialMPPhotos/44/FisherDarren_Lib.jpg,https://www.ourcommons.ca/members/en/darren-fisher(88323)
71692,1708714122709,,Peter,Fonseca,Mississauga East—Cooksville,Ontario,Liberal,peter.fonseca@parl.gc.ca,http://peterfonseca.libparl.ca,/Content/Parliamentarians/Images/OfficialMPPhotos/44/FonsecaPeter_Lib.jpg,https://www.ourcommons.ca/members/en/peter-fonseca(71692)
96356,1708714122709,Hon.,Mona,Fortier,Ottawa—Vanier,Ontario,Liberal,mona.fortier@parl.gc.ca,,/Content/Parliamentarians/Images/OfficialMPPhotos/44/FortierMona_Lib.jpg,https://www.ourcommons.ca/members/en/mona-fortier(96356)
88605,1708714122709,,Rhéal Éloi,Fortin,Rivière-du-Nord,Quebec,Bloc Québécois,rheal.fortin@parl.gc.ca,,/Content/Parliamentarians/Images/OfficialMPPhotos/44/FortinRhéal_BQ.jpg,https://www.ourcommons.ca/members/en/rheal-eloi-fortin(88605)
88827,1708714122709,,Peter,Fragiskatos,London North Centre,Ontario,Liberal,peter.fragiskatos@parl.gc.ca,http://peterfragiskatos.libparl.ca,/Content/Parliamentarians/Images/OfficialMPPhotos/44/FragiskatosPeter_Lib.jpg,https://www.ourcommons.ca/members/en/peter-fragiskatos(88827)
88316,1708714122709,Hon.,Sean,Fraser,Central Nova,Nova Scotia,Liberal,sean.fraser@parl.gc.ca,http://www.seanfrasermp.ca,/Content/Parliamentarians/Images/OfficialMPPhotos/44/FraserSean_Lib.jpg,https://www.ourcommons.ca/members/en/sean-fraser(88316)
84665,1708714122709,Hon.,Chrystia,Freeland,University—Rosedale,Ontario,Liberal,chrystia.freeland@parl.gc.ca,http://www.chrystiafreelandmp.com,/Content/Parliamentarians/Images/OfficialMPPhotos/44/FreelandChrystia_Lib.jpg,https://www.ourcommons.ca/members/en/chrystia-freeland(84665)
1589,1708714122709,Hon.,Hedy,Fry,Vancouver Centre,British Columbia,Liberal,hedy.fry@parl.gc.ca,http://www.hedyfry.com,/Content/Parliamentarians/Images/OfficialMPPhotos/44/FryHedy_Lib.jpg,https://www.ourcommons.ca/members/en/hedy-fry(1589)
110534,1708714122709,,Iqwinder,Gaheer,Mississauga—Malton,Ontario,Liberal,iqwinder.gaheer@parl.gc.ca,,/Content/Parliamentarians/Images/OfficialMPPhotos/44/GaheerIqwinder_Lib.jpg,https://www.ourcommons.ca/members/en/iqwinder-gaheer(110534)
115736,1708714122709,,Anna,Gainey,Notre-Dame-de-Grâce—Westmount,Quebec,Liberal,anna.gainey@parl.gc.ca,http://annagainey.libparl.ca/?lang=en,/Content/Parliamentarians/Images/OfficialMPPhotos/44/GaineyAnna_Lib.jpg,https://www.ourcommons.ca/members/en/anna-gainey(115736)
1809,1708714122709,,Cheryl,Gallant,Renfrew—Nipissing—Pembroke,Ontario,Conservative,cheryl.gallant@parl.gc.ca,http://cherylgallant.com,/Content/Parliamentarians/Images/OfficialMPPhotos/44/GallantCheryl_CPC.jpg,https://www.ourcommons.ca/members/en/cheryl-gallant(1809)
110189,1708714122709,,Jean-Denis,Garon,Mirabel,Quebec,Bloc Québécois,jean-denis.garon@parl.gc.ca,http://jdgaron.quebec,/Content/Parliamentarians/Images/OfficialMPPhotos/44/GaronJeanDenis_BQ.jpg,https://www.ourcommons.ca/members/en/jean-denis-garon(110189)
71995,1708714122709,,Randall,Garrison,Esquimalt—Saanich—Sooke,British Columbia,NDP,randall.garrison@parl.gc.ca,http://randallgarrison.ndp.ca,/Content/Parliamentarians/Images/OfficialMPPhotos/44/GarrisonRandall_NDP.jpg,https://www.ourcommons.ca/members/en/randall-garrison(71995)
104806,1708714122709,,Marie-Hélène,Gaudreau,Laurentides—Labelle,Quebec,Bloc Québécois,MH.Gaudreau@parl.gc.ca,http://mhgaudreau.quebec,/Content/Parliamentarians/Images/OfficialMPPhotos/44/GaudreauMarieHélène_BQ.jpg,https://www.ourcommons.ca/members/en/marie-helene-gaudreau(104806)
87121,1708714122709,,Leah,Gazan,Winnipeg Centre,Manitoba,NDP,Leah.Gazan@parl.gc.ca,http://www.leahgazan.ca,/Content/Parliamentarians/Images/OfficialMPPhotos/44/GazanLeah_NDP.jpg,https://www.ourcommons.ca/members/en/leah-gazan(87121)
63908,1708714122709,,Bernard,Généreux,Montmagny—L'Islet—Kamouraska—Rivière-du-Loup,Quebec,Conservative,bernard.genereux@parl.gc.ca,http://www.bernardgenereux.ca/en,/Content/Parliamentarians/Images/OfficialMPPhotos/44/GénéreuxBernard_CPC.jpg,https://www.ourcommons.ca/members/en/bernard-genereux(63908)
89226,1708714122709,,Garnett,Genuis,Sherwood Park—Fort Saskatchewan,Alberta,Conservative,garnett.genuis@parl.gc.ca,http://www.garnettgenuismp.ca,/Content/Parliamentarians/Images/OfficialMPPhotos/44/GenuisGarnett_CPC.jpg,https://www.ourcommons.ca/members/en/garnett-genuis(89226)
88802,1708714122709,,Mark,Gerretsen,Kingston and the Islands,Ontario,Liberal,mark.gerretsen@parl.gc.ca,http://markgerretsen.libparl.ca,/Content/Parliamentarians/Images/OfficialMPPhotos/44/GerretsenMark_Lib.jpg,https://www.ourcommons.ca/members/en/mark-gerretsen(88802)
88538,1708714122709,,Marilène,Gill,Manicouagan,Quebec,Bloc Québécois,marilene.gill@parl.gc.ca,http://marilenegill.quebec,/Content/Parliamentarians/Images/OfficialMPPhotos/44/GillMarilène_BQ.jpg,https://www.ourcommons.ca/members/en/marilene-gill(88538)
88938,1708714122709,,Marilyn,Gladu,Sarnia—Lambton,Ontario,Conservative,marilyn.gladu@parl.gc.ca,http://www.mpmarilyngladu.ca,/Content/Parliamentarians/Images/OfficialMPPhotos/44/GladuMarilyn_CPC.jpg,https://www.ourcommons.ca/members/en/marilyn-gladu(88938)
89407,1708714122709,,Joël,Godin,Portneuf—Jacques-Cartier,Quebec,Conservative,joel.godin@parl.gc.ca,,/Content/Parliamentarians/Images/OfficialMPPhotos/44/GodinJoël_CPC.jpg,https://www.ourcommons.ca/members/en/joel-godin(89407)
110918,1708714122709,,Laila,Goodridge,Fort McMurray—Cold Lake,Alberta,Conservative,laila.goodridge@parl.gc.ca,http://lailagoodridgemp.ca,/Content/Parliamentarians/Images/OfficialMPPhotos/44/GoodridgeLaila_CPC.jpg,https://www.ourcommons.ca/members/en/laila-goodridge(110918)
88715,1708714122709,Hon.,Karina,Gould,Burlington,Ontario,Liberal,karina.gould@parl.gc.ca,http://karinagould.libparl.ca,/Content/Parliamentarians/Images/OfficialMPPhotos/44/GouldKarina_Lib.jpg,https://www.ourcommons.ca/members/en/karina-gould(88715)
35397,1708714122709,,Jacques,Gourde,Lévis—Lotbinière,Quebec,Conservative,jacques.gourde@parl.gc.ca,http://services.jacquesgourde.ca,/Content/Parliamentarians/Images/OfficialMPPhotos/44/GourdeJacques_CPC.jpg,https://www.ourcommons.ca/members/en/jacques-gourde(35397)
105802,1708714122709,,Tracy,Gray,Kelowna—Lake Country,British Columbia,Conservative,Tracy.Gray@parl.gc.ca,http://www.tracygraymp.ca,/Content/Parliamentarians/Images/OfficialMPPhotos/44/GrayTracy_CPC.jpg,https://www.ourcommons.ca/members/en/tracy-gray(105802)
93023,1708714122709,,Matthew,Green,Hamilton Centre,Ontario,NDP,Matthew.Green@parl.gc.ca,http://matthewgreen.ndp.ca,/Content/Parliamentarians/Images/OfficialMPPhotos/44/GreenMatthew_NDP.jpg,https://www.ourcommons.ca/members/en/matthew-green(93023)
14171,1708714122709,Hon.,Steven,Guilbeault,Laurier—Sainte-Marie,Quebec,Liberal,Steven.Guilbeault@parl.gc.ca,http://stevenguilbeault.libparl.ca/?lang=en,/Content/Parliamentarians/Images/OfficialMPPhotos/44/GuilbeaultSteven_Lib.jpg,https://www.ourcommons.ca/members/en/steven-guilbeault(14171)
88984,1708714122709,Hon.,Patty,Hajdu,Thunder Bay—Superior North,Ontario,Liberal,patty.hajdu@parl.gc.ca,http://pattyhajdu.libparl.ca,/Content/Parliamentarians/Images/OfficialMPPhotos/44/HajduPatty_Lib.jpg,https://www.ourcommons.ca/members/en/patty-hajdu(88984)
105630,1708714122709,,Jasraj Singh,Hallan,Calgary Forest Lawn,Alberta,Conservative,JasrajSingh.Hallan@parl.gc.ca,http://jasrajmp.ca,/Content/Parliamentarians/Images/OfficialMPPhotos/44/HallanJasrajSingh_CPC.jpg,https://www.ourcommons.ca/members/en/jasraj-singh-hallan(105630)
111109,1708714122709,,Brendan,Hanley,Yukon,Yukon,Liberal,brendan.hanley@parl.gc.ca,http://brendanhanley.libparl.ca,/Content/Parliamentarians/Images/OfficialMPPhotos/44/HanleyBrendan_Lib.jpg,https://www.ourcommons.ca/members/en/brendan-hanley(111109)
89274,1708714122709,,Ken,Hardie,Fleetwood—Port Kells,British Columbia,Liberal,ken.hardie@parl.gc.ca,http://kenhardie.libparl.ca,/Content/Parliamentarians/Images/OfficialMPPhotos/44/HardieKen_Lib.jpg,https://www.ourcommons.ca/members/en/ken-hardie(89274)
110446,1708714122709,,Lisa,Hepfner,Hamilton Mountain,Ontario,Liberal,lisa.hepfner@parl.gc.ca,,/Content/Parliamentarians/Images/OfficialMPPhotos/44/HepfnerLisa_Lib.jpg,https://www.ourcommons.ca/members/en/lisa-hepfner(110446)
59148,1708714122709,,Randy,Hoback,Prince Albert,Saskatchewan,Conservative,randy.hoback@parl.gc.ca,http://www.mprandyhoback.ca,/Content/Parliamentarians/Images/OfficialMPPhotos/44/HobackRandy_CPC.jpg,https://www.ourcommons.ca/members/en/randy-hoback(59148)
25508,1708714122709,Hon.,Mark,Holland,Ajax,Ontario,Liberal,mark.holland@parl.gc.ca,http://markholland.libparl.ca,/Content/Parliamentarians/Images/OfficialMPPhotos/44/HollandMark_Lib.jpg,https://www.ourcommons.ca/members/en/mark-holland(25508)
88558,1708714122709,,Anthony,Housefather,Mount Royal,Quebec,Liberal,anthony.housefather@parl.gc.ca,http://anthonyhousefather.libparl.ca,/Content/Parliamentarians/Images/OfficialMPPhotos/44/HousefatherAnthony_Lib.jpg,https://www.ourcommons.ca/members/en/anthony-housefather(88558)
31289,1708714122709,,Carol,Hughes,Algoma—Manitoulin—Kapuskasing,Ontario,NDP,carol.hughes@parl.gc.ca,http://carolhughes.ndp.ca,/Content/Parliamentarians/Images/OfficialMPPhotos/44/HughesCarol_NDP.jpg,https://www.ourcommons.ca/members/en/carol-hughes(31289)
89020,1708714122709,Hon.,Ahmed,Hussen,York South—Weston,Ontario,Liberal,ahmed.hussen@parl.gc.ca,http://ahmedhussen.libparl.ca,/Content/Parliamentarians/Images/OfficialMPPhotos/44/HussenAhmedD_Lib.jpg,https://www.ourcommons.ca/members/en/ahmed-hussen(89020)
88292,1708714122709,Hon.,Gudie,Hutchings,Long Range Mountains,Newfoundland and Labrador,Liberal,gudie.hutchings@parl.gc.ca,,/Content/Parliamentarians/Images/OfficialMPPhotos/44/HutchingsGudie_Lib.jpg,https://www.ourcommons.ca/members/en/gudie-hutchings(88292)
71337,1708714122709,,Angelo,Iacono,Alfred-Pellan,Quebec,Liberal,angelo.iacono@parl.gc.ca,http://angeloiacono.libparl.ca/?lang=en,/Content/Parliamentarians/Images/OfficialMPPhotos/44/IaconoAngelo_Lib.jpg,https://www.ourcommons.ca/members/en/angelo-iacono(71337)
111116,1708714122709,,Lori,Idlout,Nunavut,Nunavut,NDP,lori.idlout@parl.gc.ca,http://loriidlout.ndp.ca,/Content/Parliamentarians/Images/OfficialMPPhotos/44/IdloutLori_NDP.jpg,https://www.ourcommons.ca/members/en/lori-idlout(111116)
107097,1708714122709,Hon.,Marci,Ien,Toronto Centre,Ontario,Liberal,marci.ien@parl.gc.ca,,/Content/Parliamentarians/Images/OfficialMPPhotos/44/IenMarci_Lib.jpg,https://www.ourcommons.ca/members/en/marci-ien(107097)
105229,1708714122709,Hon.,Helena,Jaczek,Markham—Stouffville,Ontario,Liberal,Helena.Jaczek@parl.gc.ca,http://helenajaczek.libparl.ca,/Content/Parliamentarians/Images/OfficialMPPhotos/44/JaczekHelena_Lib.jpg,https://www.ourcommons.ca/members/en/helena-jaczek(105229)
89167,1708714122709,,Matt,Jeneroux,Edmonton Riverbend,Alberta,Conservative,matt.jeneroux@parl.gc.ca,http://mattjeneroux.ca,/Content/Parliamentarians/Images/OfficialMPPhotos/44/JenerouxMatt_CPC.jpg,https://www.ourcommons.ca/members/en/matt-jeneroux(89167)
89263,1708714122709,,Gord,Johns,Courtenay—Alberni,British Columbia,NDP,gord.johns@parl.gc.ca,http://gordjohns.ndp.ca,/Content/Parliamentarians/Images/OfficialMPPhotos/44/JohnsGord_NDP.jpg,https://www.ourcommons.ca/members/en/gord-johns(89263)
88384,1708714122709,Hon.,Mélanie,Joly,Ahuntsic-Cartierville,Quebec,Liberal,melanie.joly@parl.gc.ca,,/Content/Parliamentarians/Images/OfficialMPPhotos/44/JolyMélanie_Lib.jpg,https://www.ourcommons.ca/members/en/melanie-joly(88384)
13218,1708714122709,,Yvonne,Jones,Labrador,Newfoundland and Labrador,Liberal,yvonne.jones@parl.gc.ca,http://yvonnejones.libparl.ca,/Content/Parliamentarians/Images/OfficialMPPhotos/44/JonesYvonne_Lib.jpg,https://www.ourcommons.ca/members/en/yvonne-jones(13218)
88929,1708714122709,,Majid,Jowhari,Richmond Hill,Ontario,Liberal,majid.jowhari@parl.gc.ca,http://majidjowhari.libparl.ca,/Content/Parliamentarians/Images/OfficialMPPhotos/44/JowhariMajid_Lib.jpg,https://www.ourcommons.ca/members/en/majid-jowhari(88929)
16399,1708714122709,,Peter,Julian,New Westminster—Burnaby,British Columbia,NDP,peter.julian@parl.gc.ca,http://www.peterjulian.ca,/Content/Parliamentarians/Images/OfficialMPPhotos/44/JulianPeter_NDP.jpg,https://www.ourcommons.ca/members/en/peter-julian(16399)
110502,1708714122709,,Arielle,Kayabaga,London West,Ontario,Liberal,arielle.kayabaga@parl.gc.ca,http://ariellekayabaga.libparl.ca,/Content/Parliamentarians/Images/OfficialMPPhotos/44/KayabagaArielle_Lib.jpg,https://www.ourcommons.ca/members/en/arielle-kayabaga(110502)
104531,1708714122709,,Mike,Kelloway,Cape Breton—Canso,Nova Scotia,Liberal,Mike.Kelloway@parl.gc.ca,http://www.mikekellowaymp.ca,/Content/Parliamentarians/Images/OfficialMPPhotos/44/KellowayMike_Lib.jpg,https://www.ourcommons.ca/members/en/mike-kelloway(104531)
89130,1708714122709,,Pat,Kelly,Calgary Rocky Ridge,Alberta,Conservative,pat.kelly@parl.gc.ca,http://patkellymp.ca,/Content/Parliamentarians/Images/OfficialMPPhotos/44/KellyPat_CPC.jpg,https://www.ourcommons.ca/members/en/pat-kelly(89130)
88849,1708714122709,,Iqra,Khalid,Mississauga—Erin Mills,Ontario,Liberal,iqra.khalid@parl.gc.ca,http://iqrakhalid.libparl.ca,/Content/Parliamentarians/Images/OfficialMPPhotos/44/KhalidIqra_Lib.jpg,https://www.ourcommons.ca/members/en/iqra-khalid(88849)
105052,1708714122709,,Arpan,Khanna,Oxford,Ontario,Conservative,arpan.khanna@parl.gc.ca,,/Content/Parliamentarians/Images/OfficialMPPhotos/44/KhannaArpan_CPC.jpg,https://www.ourcommons.ca/members/en/arpan-khanna(105052)
88705,1708714122709,Hon.,Kamal,Khera,Brampton West,Ontario,Liberal,kamal.khera@parl.gc.ca,,/Content/Parliamentarians/Images/OfficialMPPhotos/44/KheraKamal_Lib.jpg,https://www.ourcommons.ca/members/en/kamal-khera(88705)
89095,1708714122709,,Robert,Kitchen,Souris—Moose Mountain,Saskatchewan,Conservative,robert.kitchen@parl.gc.ca,http://www.drrobertkitchen.ca,/Content/Parliamentarians/Images/OfficialMPPhotos/44/KitchenRobert_CPC.jpg,https://www.ourcommons.ca/members/en/robert-kitchen(89095)
89136,1708714122709,,Tom,Kmiec,Calgary Shepard,Alberta,Conservative,tom.kmiec@parl.gc.ca,http://www.tomkmiecmp.ca,/Content/Parliamentarians/Images/OfficialMPPhotos/44/KmiecTom_CPC.jpg,https://www.ourcommons.ca/members/en/tom-kmiec(89136)
105009,1708714122709,,Annie,Koutrakis,Vimy,Quebec,Liberal,Annie.Koutrakis@parl.gc.ca,,/Content/Parliamentarians/Images/OfficialMPPhotos/44/KoutrakisAnnie_Lib.jpg,https://www.ourcommons.ca/members/en/annie-koutrakis(105009)
89080,1708714122709,,Michael,Kram,Regina—Wascana,Saskatchewan,Conservative,Michael.Kram@parl.gc.ca,http://michaelkrammp.ca,/Content/Parliamentarians/Images/OfficialMPPhotos/44/KramMichael_CPC.jpg,https://www.ourcommons.ca/members/en/michael-kram(89080)
110454,1708714122709,,Shelby,Kramp-Neuman,Hastings—Lennox and Addington,Ontario,Conservative,shelby.kramp-neuman@parl.gc.ca,http://shelbykrampneumanmp.ca,/Content/Parliamentarians/Images/OfficialMPPhotos/44/KrampNeumanShelby_CPC.jpg,https://www.ourcommons.ca/members/en/shelby-kramp-neuman(110454)
105614,1708714122709,,Damien,Kurek,Battle River—Crowfoot,Alberta,Conservative,Damien.Kurek@parl.gc.ca,http://www.damienkurek.ca,/Content/Parliamentarians/Images/OfficialMPPhotos/44/KurekDamien_CPC.jpg,https://www.ourcommons.ca/members/en/damien-c-kurek(105614)
96367,1708714122709,,Stephanie,Kusie,Calgary Midnapore,Alberta,Conservative,stephanie.kusie@parl.gc.ca,http://stephaniekusiemp.ca,/Content/Parliamentarians/Images/OfficialMPPhotos/44/KusieStephanie_CPC.jpg,https://www.ourcommons.ca/members/en/stephanie-kusie(96367)
71820,1708714122709,,Irek,Kusmierczyk,Windsor—Tecumseh,Ontario,Liberal,Irek.Kusmierczyk@parl.gc.ca,http://irekkusmierczyk.libparl.ca,/Content/Parliamentarians/Images/OfficialMPPhotos/44/KusmierczykIrek_Lib.jpg,https://www.ourcommons.ca/members/en/irek-kusmierczyk(71820)
89346,1708714122709,,Jenny,Kwan,Vancouver East,British Columbia,NDP,jenny.kwan@parl.gc.ca,http://www.jennykwanndp.ca,/Content/Parliamentarians/Images/OfficialMPPhotos/44/KwanJenny_NDP.jpg,https://www.ourcommons.ca/members/en/jenny-kwan(89346)
35857,1708714122709,Hon.,Mike,Lake,Edmonton—Wetaskiwin,Alberta,Conservative,mike.lake@parl.gc.ca,http://mikelake.ca,/Content/Parliamentarians/Images/OfficialMPPhotos/44/LakeMike_CPC.jpg,https://www.ourcommons.ca/members/en/mike-lake(35857)
92209,1708714122709,,Marie-France,Lalonde,Orléans,Ontario,Liberal,Marie-France.Lalonde@parl.gc.ca,http://mflalondemp.ca,/Content/Parliamentarians/Images/OfficialMPPhotos/44/LalondeMarieFrance_Lib.jpg,https://www.ourcommons.ca/members/en/marie-france-lalonde(92209)
96350,1708714122709,,Emmanuella,Lambropoulos,Saint-Laurent,Quebec,Liberal,emmanuella.lambropoulos@parl.gc.ca,,/Content/Parliamentarians/Images/OfficialMPPhotos/44/LambropoulosEmmanuella_Lib.jpg,https://www.ourcommons.ca/members/en/emmanuella-lambropoulos(96350)
30552,1708714122709,,Kevin,Lamoureux,Winnipeg North,Manitoba,Liberal,kevin.lamoureux@parl.gc.ca,http://www.mpkevin.ca,/Content/Parliamentarians/Images/OfficialMPPhotos/44/LamoureuxKevin_Lib.jpg,https://www.ourcommons.ca/members/en/kevin-lamoureux(30552)
110665,1708714122709,,Melissa,Lantsman,Thornhill,Ontario,Conservative,melissa.lantsman@parl.gc.ca,http://melissalantsmanmp.ca,/Content/Parliamentarians/Images/OfficialMPPhotos/44/LantsmanMelissa_CPC.jpg,https://www.ourcommons.ca/members/en/melissa-lantsman(110665)
110663,1708714122709,,Viviane,Lapointe,Sudbury,Ontario,Liberal,viviane.lapointe@parl.gc.ca,http://vivianelapointe.libparl.ca,/Content/Parliamentarians/Images/OfficialMPPhotos/44/LaPointeViviane_Lib.jpg,https://www.ourcommons.ca/members/en/viviane-lapointe(110663)
104973,1708714122709,,Andréanne,Larouche,Shefford,Quebec,Bloc Québécois,Andreanne.Larouche@parl.gc.ca,http://andreannelarouche.ca,/Content/Parliamentarians/Images/OfficialMPPhotos/44/LaroucheAndréanne_BQ.jpg,https://www.ourcommons.ca/members/en/andreanne-larouche(104973)
104957,1708714122709,,Patricia,Lattanzio,Saint-Léonard—Saint-Michel,Quebec,Liberal,Patricia.Lattanzio@parl.gc.ca,http://patricialattanzio.libparl.ca/?lang=en,/Content/Parliamentarians/Images/OfficialMPPhotos/44/LattanzioPatricia_Lib.jpg,https://www.ourcommons.ca/members/en/patricia-lattanzio(104957)
88394,1708714122709,,Stéphane,Lauzon,Argenteuil—La Petite-Nation,Quebec,Liberal,stephane.lauzon@parl.gc.ca,,/Content/Parliamentarians/Images/OfficialMPPhotos/44/LauzonStéphane_Lib.jpg,https://www.ourcommons.ca/members/en/stephane-lauzon(88394)
105291,1708714122709,,Philip,Lawrence,Northumberland—Peterborough South,Ontario,Conservative,Philip.Lawrence@parl.gc.ca,,/Content/Parliamentarians/Images/OfficialMPPhotos/44/LawrencePhilip_CPC.jpg,https://www.ourcommons.ca/members/en/philip-lawrence(105291)
1813,1708714122709,Hon.,Dominic,LeBlanc,Beauséjour,New Brunswick,Liberal,dominic.leblanc@parl.gc.ca,http://dominicleblanc.libparl.ca/?lang=en,/Content/Parliamentarians/Images/OfficialMPPhotos/44/LeblancDominic_Lib.jpg,https://www.ourcommons.ca/members/en/dominic-leblanc(1813)
88460,1708714122709,Hon.,Diane,Lebouthillier,Gaspésie—Les Îles-de-la-Madeleine,Quebec,Liberal,diane.lebouthillier@parl.gc.ca,http://dianelebouthillier.libparl.ca/?lang=en,/Content/Parliamentarians/Images/OfficialMPPhotos/44/LebouthillierDiane_Lib.jpg,https://www.ourcommons.ca/members/en/diane-lebouthillier(88460)
104653,1708714122709,,Richard,Lehoux,Beauce,Quebec,Conservative,Richard.Lehoux@parl.gc.ca,,/Content/Parliamentarians/Images/OfficialMPPhotos/44/LehouxRichard_CPC.jpg,https://www.ourcommons.ca/members/en/richard-lehoux(104653)
104630,1708714122709,,Sébastien,Lemire,Abitibi—Témiscamingue,Quebec,Bloc Québécois,Sebastien.Lemire@parl.gc.ca,http://depute.lemire.info,/Content/Parliamentarians/Images/OfficialMPPhotos/44/LemireSébastien_BQ.jpg,https://www.ourcommons.ca/members/en/sebastien-lemire(104630)
108395,1708714122709,,Branden,Leslie,Portage—Lisgar,Manitoba,Conservative,branden.leslie@parl.gc.ca,http://www.brandenleslie.ca,/Content/Parliamentarians/Images/OfficialMPPhotos/44/LeslieBranden_CPC.jpg,https://www.ourcommons.ca/members/en/branden-leslie(108395)
105120,1708714122709,,Chris,Lewis,Essex,Ontario,Conservative,Chris.Lewis@parl.gc.ca,http://chrislewismp.ca,/Content/Parliamentarians/Images/OfficialMPPhotos/44/LewisChris_CPC.jpg,https://www.ourcommons.ca/members/en/chris-lewis(105120)
88958,1708714122709,,Leslyn,Lewis,Haldimand—Norfolk,Ontario,Conservative,leslyn.lewis@parl.gc.ca,http://leslynlewismp.ca,/Content/Parliamentarians/Images/OfficialMPPhotos/44/LewisLeslyn_CPC.jpg,https://www.ourcommons.ca/members/en/leslyn-lewis(88958)
89139,1708714122709,,Ron,Liepert,Calgary Signal Hill,Alberta,Conservative,ron.liepert@parl.gc.ca,http://ronliepertmp.ca,/Content/Parliamentarians/Images/OfficialMPPhotos/44/LiepertRon_CPC.jpg,https://www.ourcommons.ca/members/en/ron-liepert(89139)
88532,1708714122709,,Joël,Lightbound,Louis-Hébert,Quebec,Liberal,joel.lightbound@parl.gc.ca,,/Content/Parliamentarians/Images/OfficialMPPhotos/44/LightboundJoël_Lib.jpg,https://www.ourcommons.ca/members/en/joel-lightbound(88532)
98079,1708714122709,,Dane,Lloyd,Sturgeon River—Parkland,Alberta,Conservative,Dane.Lloyd@parl.gc.ca,http://danelloyd.ca,/Content/Parliamentarians/Images/OfficialMPPhotos/44/LloydDane_CPC.jpg,https://www.ourcommons.ca/members/en/dane-lloyd(98079)
35600,1708714122709,,Ben,Lobb,Huron—Bruce,Ontario,Conservative,ben.lobb@parl.gc.ca,http://www.benlobb.com,/Content/Parliamentarians/Images/OfficialMPPhotos/44/LobbBen_CPC.jpg,https://www.ourcommons.ca/members/en/ben-lobb(35600)
88368,1708714122709,,Wayne,Long,Saint John—Rothesay,New Brunswick,Liberal,wayne.long@parl.gc.ca,,/Content/Parliamentarians/Images/OfficialMPPhotos/44/LongWayne_Lib.jpg,https://www.ourcommons.ca/members/en/wayne-long(88368)
88761,1708714122709,,Lloyd,Longfield,Guelph,Ontario,Liberal,lloyd.longfield@parl.gc.ca,http://www.mplongfield.ca,/Content/Parliamentarians/Images/OfficialMPPhotos/44/LongfieldLloyd_Lib.jpg,https://www.ourcommons.ca/members/en/lloyd-longfield(88761)
88810,1708714122709,,Tim,Louis,Kitchener—Conestoga,Ontario,Liberal,Tim.Louis@parl.gc.ca,http://timlouis.libparl.ca,/Content/Parliamentarians/Images/OfficialMPPhotos/44/LouisTim_Lib.jpg,https://www.ourcommons.ca/members/en/tim-louis(88810)
33,1708714122709,Hon.,Lawrence,MacAulay,Cardigan,Prince Edward Island,Liberal,lawrence.macaulay@parl.gc.ca,http://lawrencemacaulay.libparl.ca,/Content/Parliamentarians/Images/OfficialMPPhotos/44/MacAulayLawrence_Lib.jpg,https://www.ourcommons.ca/members/en/lawrence-macaulay(33)
109891,1708714122709,,Heath,MacDonald,Malpeque,Prince Edward Island,Liberal,heath.macdonald@parl.gc.ca,,/Content/Parliamentarians/Images/OfficialMPPhotos/44/MacDonaldHeath_CPC.jpg,https://www.ourcommons.ca/members/en/heath-macdonald(109891)
89269,1708714122709,,Alistair,MacGregor,Cowichan—Malahat—Langford,British Columbia,NDP,alistair.macgregor@parl.gc.ca,http://alistairmacgregor.ndp.ca,/Content/Parliamentarians/Images/OfficialMPPhotos/44/MacGregorAllistair_NDP.jpg,https://www.ourcommons.ca/members/en/alistair-macgregor(89269)
88468,1708714122709,Hon.,Steven,MacKinnon,Gatineau,Quebec,Liberal,Steven.MacKinnon@parl.gc.ca,http://stevenmackinnon.libparl.ca/?lang=en,/Content/Parliamentarians/Images/OfficialMPPhotos/44/MacKinnonSteven_Lib.jpg,https://www.ourcommons.ca/members/en/steven-mackinnon(88468)
7251,1708714122709,,Larry,Maguire,Brandon—Souris,Manitoba,Conservative,larry.maguire@parl.gc.ca,http://www.larrymaguire.com,/Content/Parliamentarians/Images/OfficialMPPhotos/44/MaguireLarry_CPC.jpg,https://www.ourcommons.ca/members/en/larry-maguire(7251)
116022,1708714122709,,Shuvaloy,Majumdar,Calgary Heritage,Alberta,Conservative,shuvaloy.majumdar@parl.gc.ca,http://www.shuvmajumdarmp.ca,/Content/Parliamentarians/Images/OfficialMPPhotos/44/MajumdarShuvaloy_CPC.jpg,https://www.ourcommons.ca/members/en/shuvaloy-majumdar(116022)
88748,1708714122709,,James,Maloney,Etobicoke—Lakeshore,Ontario,Liberal,james.maloney@parl.gc.ca,http://jamesmaloney.libparl.ca,/Content/Parliamentarians/Images/OfficialMPPhotos/44/MaloneyJames_Lib.jpg,https://www.ourcommons.ca/members/en/james-maloney(88748)
100521,1708714122709,,Richard,Martel,Chicoutimi—Le Fjord,Quebec,Conservative,Richard.Martel@parl.gc.ca,,/Content/Parliamentarians/Images/OfficialMPPhotos/44/MartelRichard_CPC.jpg,https://www.ourcommons.ca/members/en/richard-martel(100521)
104756,1708714122709,Hon.,Soraya,Martinez Ferrada,Hochelaga,Quebec,Liberal,Soraya.MartinezFerrada@parl.gc.ca,http://sorayamartinezferrada.ca,/Content/Parliamentarians/Images/OfficialMPPhotos/44/MartinezFerradaSoraya_Lib.jpg,https://www.ourcommons.ca/members/en/soraya-martinez-ferrada(104756)
9137,1708714122709,,Brian,Masse,Windsor West,Ontario,NDP,brian.masse@parl.gc.ca,,/Content/Parliamentarians/Images/OfficialMPPhotos/44/MasseBrian_NDP.jpg,https://www.ourcommons.ca/members/en/brian-masse(9137)
105221,1708714122709,,Lindsay,Mathyssen,London—Fanshawe,Ontario,NDP,Lindsay.Mathyssen@parl.gc.ca,http://lindsaymathyssen.ndp.ca,/Content/Parliamentarians/Images/OfficialMPPhotos/44/MathyssenLindsay_NDP.jpg,https://www.ourcommons.ca/members/en/lindsay-mathyssen(105221)
71599,1708714122709,,Bryan,May,Cambridge,Ontario,Liberal,bryan.may@parl.gc.ca,http://bryanmay.libparl.ca,/Content/Parliamentarians/Images/OfficialMPPhotos/44/MayBryan_Lib.jpg,https://www.ourcommons.ca/members/en/bryan-may(71599)
2897,1708714122709,,Elizabeth,May,Saanich—Gulf Islands,British Columbia,Green Party,elizabeth.may@parl.gc.ca,,/Content/Parliamentarians/Images/OfficialMPPhotos/44/MayElizabeth_GP.jpg,https://www.ourcommons.ca/members/en/elizabeth-may(2897)
3306,1708714122709,,Dan,Mazier,Dauphin—Swan River—Neepawa,Manitoba,Conservative,Dan.Mazier@parl.gc.ca,,/Content/Parliamentarians/Images/OfficialMPPhotos/44/MazierDan_CPC.jpg,https://www.ourcommons.ca/members/en/dan-mazier(3306)
89179,1708714122709,,Kelly,McCauley,Edmonton West,Alberta,Conservative,kelly.mccauley@parl.gc.ca,http://kellymccauley.ca,/Content/Parliamentarians/Images/OfficialMPPhotos/44/McCauleyKelly_CPC.jpg,https://www.ourcommons.ca/members/en/kelly-mccauley(89179)
88283,1708714122709,,Ken,McDonald,Avalon,Newfoundland and Labrador,Liberal,ken.mcdonald@parl.gc.ca,http://kenmcdonald.libparl.ca,/Content/Parliamentarians/Images/OfficialMPPhotos/44/McDonaldKen_Lib.jpg,https://www.ourcommons.ca/members/en/ken-mcdonald(88283)
9486,1708714122709,Hon.,David,McGuinty,Ottawa South,Ontario,Liberal,david.mcguinty@parl.gc.ca,http://davidmcguinty.libparl.ca,/Content/Parliamentarians/Images/OfficialMPPhotos/44/McGuintyDavidJ._Lib.jpg,https://www.ourcommons.ca/members/en/david-j-mcguinty(9486)
957,1708714122709,Hon.,John,McKay,Scarborough—Guildwood,Ontario,Liberal,john.mckay@parl.gc.ca,http://johnmckay.libparl.ca,/Content/Parliamentarians/Images/OfficialMPPhotos/44/McKayJohn_Lib.jpg,https://www.ourcommons.ca/members/en/john-mckay(957)
59293,1708714122709,,Ron,McKinnon,Coquitlam—Port Coquitlam,British Columbia,Liberal,ron.mckinnon@parl.gc.ca,http://ronmckinnon.libparl.ca,/Content/Parliamentarians/Images/OfficialMPPhotos/44/McKinnonRon_Lib.jpg,https://www.ourcommons.ca/members/en/ron-mckinnon(59293)
105623,1708714122709,,Greg,McLean,Calgary Centre,Alberta,Conservative,greg.mclean@parl.gc.ca,http://www.gregmcleanmp.ca,/Content/Parliamentarians/Images/OfficialMPPhotos/44/McLeanGreg_CPC.jpg,https://www.ourcommons.ca/members/en/greg-mclean(105623)
89374,1708714122709,,Michael,McLeod,Northwest Territories,Northwest Territories,Liberal,michael.mcleod@parl.gc.ca,http://michaelmcleod.libparl.ca,/Content/Parliamentarians/Images/OfficialMPPhotos/44/McLeodMichaelV_Lib.jpg,https://www.ourcommons.ca/members/en/michael-v-mcleod(89374)
105689,1708714122709,,Heather,McPherson,Edmonton Strathcona,Alberta,NDP,Heather.McPherson@parl.gc.ca,http://heathermcpherson.ndp.ca,/Content/Parliamentarians/Images/OfficialMPPhotos/44/McPhersonHeather_NDP.jpg,https://www.ourcommons.ca/members/en/heather-mcpherson(105689)
105186,1708714122709,,Eric,Melillo,Kenora,Ontario,Conservative,Eric.Melillo@parl.gc.ca,,/Content/Parliamentarians/Images/OfficialMPPhotos/44/MelilloEric_CPC.jpg,https://www.ourcommons.ca/members/en/eric-melillo(105186)
58621,1708714122709,,Alexandra,Mendès,Brossard—Saint-Lambert,Quebec,Liberal,alexandra.mendes@parl.gc.ca,,/Content/Parliamentarians/Images/OfficialMPPhotos/44/MendèsAlexandra_Lib.jpg,https://www.ourcommons.ca/members/en/alexandra-mendes(58621)
88738,1708714122709,Hon.,Marco,Mendicino,Eglinton—Lawrence,Ontario,Liberal,marco.mendicino@parl.gc.ca,,/Content/Parliamentarians/Images/OfficialMPPhotos/44/MendicinoMarco_Lib.jpg,https://www.ourcommons.ca/members/en/marco-mendicino(88738)
111048,1708714122709,,Wilson,Miao,Richmond Centre,British Columbia,Liberal,wilson.miao@parl.gc.ca,http://wilsonmiaomp.ca,/Content/Parliamentarians/Images/OfficialMPPhotos/44/MiaoWilson_Lib.jpg,https://www.ourcommons.ca/members/en/wilson-miao(111048)
104648,1708714122709,,Kristina,Michaud,Avignon—La Mitis—Matane—Matapédia,Quebec,Bloc Québécois,Kristina.Michaud@parl.gc.ca,http://www.kristinamichaud.quebec,/Content/Parliamentarians/Images/OfficialMPPhotos/44/MichaudKristina_BQ.jpg,https://www.ourcommons.ca/members/en/kristina-michaud(104648)
88660,1708714122709,Hon.,Marc,Miller,Ville-Marie—Le Sud-Ouest—Île-des-Soeurs,Quebec,Liberal,Marc.Miller@parl.gc.ca,http://marcmiller.libparl.ca/?lang=en,/Content/Parliamentarians/Images/OfficialMPPhotos/44/MillerMarc_Lib.jpg,https://www.ourcommons.ca/members/en/marc-miller(88660)
17210,1708714122709,Hon.,Rob,Moore,Fundy Royal,New Brunswick,Conservative,Rob.Moore@parl.gc.ca,http://www.robmoore.ca,/Content/Parliamentarians/Images/OfficialMPPhotos/44/MooreRob_CPC.jpg,https://www.ourcommons.ca/members/en/rob-moore(17210)
105511,1708714122709,,Marty,Morantz,Charleswood—St. James—Assiniboia—Headingley,Manitoba,Conservative,Marty.Morantz@parl.gc.ca,http://www.martymorantz.ca,/Content/Parliamentarians/Images/OfficialMPPhotos/44/MorantzMarty_CPC.jpg,https://www.ourcommons.ca/members/en/marty-morantz(105511)
110476,1708714122709,,Mike,Morrice,Kitchener Centre,Ontario,Green Party,mike.morrice@parl.gc.ca,http://mikemorricemp.ca,/Content/Parliamentarians/Images/OfficialMPPhotos/44/MorriceMike_GP.jpg,https://www.ourcommons.ca/members/en/mike-morrice(110476)
105807,1708714122709,,Rob,Morrison,Kootenay—Columbia,British Columbia,Conservative,Rob.Morrison@parl.gc.ca,http://robmorrisonmp.ca,/Content/Parliamentarians/Images/OfficialMPPhotos/44/MorrisonRob_CPC.jpg,https://www.ourcommons.ca/members/en/rob-morrison(105807)
88308,1708714122709,,Robert,Morrissey,Egmont,Prince Edward Island,Liberal,robert.morrissey@parl.gc.ca,http://robertmorrissey.libparl.ca,/Content/Parliamentarians/Images/OfficialMPPhotos/44/MorrisseyRobertJ._Lib.jpg,https://www.ourcommons.ca/members/en/robert-j-morrissey(88308)
94305,1708714122709,,Glen,Motz,Medicine Hat—Cardston—Warner,Alberta,Conservative,glen.motz@parl.gc.ca,http://glenmotzmp.com,/Content/Parliamentarians/Images/OfficialMPPhotos/44/MotzGlen_CPC.jpg,https://www.ourcommons.ca/members/en/glen-motz(94305)
35950,1708714122709,Hon.,Joyce,Murray,Vancouver Quadra,British Columbia,Liberal,joyce.murray@parl.gc.ca,http://joycemurray.libparl.ca,/Content/Parliamentarians/Images/OfficialMPPhotos/44/MurrayJoyce_Lib.jpg,https://www.ourcommons.ca/members/en/joyce-murray(35950)
110415,1708714122709,,Dan,Muys,Flamborough—Glanbrook,Ontario,Conservative,dan.muys@parl.gc.ca,http://danmuysmp.ca,/Content/Parliamentarians/Images/OfficialMPPhotos/44/MuysDan_CPC.jpg,https://www.ourcommons.ca/members/en/dan-muys(110415)
110572,1708714122709,,Yasir,Naqvi,Ottawa Centre,Ontario,Liberal,yasir.naqvi@parl.gc.ca,http://yasirnaqvi.libparl.ca,/Content/Parliamentarians/Images/OfficialMPPhotos/44/NaqviYasir_Lib.jpg,https://www.ourcommons.ca/members/en/yasir-naqvi(110572)
88917,1708714122709,,John,Nater,Perth—Wellington,Ontario,Conservative,john.nater@parl.gc.ca,http://www.johnnater.ca,/Content/Parliamentarians/Images/OfficialMPPhotos/44/NaterJohn_CPC.jpg,https://www.ourcommons.ca/members/en/john-nater(88917)
96352,1708714122709,Hon.,Mary,Ng,Markham—Thornhill,Ontario,Liberal,mary.ng@parl.gc.ca,http://maryng.libparl.ca,/Content/Parliamentarians/Images/OfficialMPPhotos/44/NgMary_Lib.jpg,https://www.ourcommons.ca/members/en/mary-ng(96352)
72023,1708714122709,,Taleeb,Noormohamed,Vancouver Granville,British Columbia,Liberal,taleeb.noormohamed@parl.gc.ca,http://www.taleeb.ca,/Content/Parliamentarians/Images/OfficialMPPhotos/44/NoormohamedTaleeb_Lib.jpg,https://www.ourcommons.ca/members/en/taleeb-noormohamed(72023)
104947,1708714122709,,Christine,Normandin,Saint-Jean,Quebec,Bloc Québécois,Christine.Normandin@parl.gc.ca,http://www.christinenormandin.quebec,/Content/Parliamentarians/Images/OfficialMPPhotos/44/NormandinChristine_BQ.jpg,https://www.ourcommons.ca/members/en/christine-normandin(104947)
88925,1708714122709,,Jennifer,O'Connell,Pickering—Uxbridge,Ontario,Liberal,jennifer.oconnell@parl.gc.ca,http://jenniferoconnell.libparl.ca,/Content/Parliamentarians/Images/OfficialMPPhotos/44/OConnellJennifer_Lib.jpg,https://www.ourcommons.ca/members/en/jennifer-oconnell(88925)
58858,1708714122709,Hon.,Robert,Oliphant,Don Valley West,Ontario,Liberal,rob.oliphant@parl.gc.ca,http://robertoliphant.libparl.ca,/Content/Parliamentarians/Images/OfficialMPPhotos/44/OliphantRobert_Lib.jpg,https://www.ourcommons.ca/members/en/robert-oliphant(58858)
88299,1708714122709,Hon.,Seamus,O'Regan,St. John's South—Mount Pearl,Newfoundland and Labrador,Liberal,seamus.oregan@parl.gc.ca,http://seamusoregan.libparl.ca,/Content/Parliamentarians/Images/OfficialMPPhotos/44/OReganSeamus_Lib.jpg,https://www.ourcommons.ca/members/en/seamus-oregan(88299)
105559,1708714122709,,Jeremy,Patzer,Cypress Hills—Grasslands,Saskatchewan,Conservative,Jeremy.Patzer@parl.gc.ca,http://jeremypatzer.com,/Content/Parliamentarians/Images/OfficialMPPhotos/44/PatzerJeremy_CPC.jpg,https://www.ourcommons.ca/members/en/jeremy-patzer(105559)
71454,1708714122709,,Pierre,Paul-Hus,Charlesbourg—Haute-Saint-Charles,Quebec,Conservative,Pierre.Paul-Hus@parl.gc.ca,http://www.pierrepaul-hus.ca/en,/Content/Parliamentarians/Images/OfficialMPPhotos/44/PaulHusPierre_CPC.jpg,https://www.ourcommons.ca/members/en/pierre-paul-hus(71454)
88595,1708714122709,,Monique,Pauzé,Repentigny,Quebec,Bloc Québécois,monique.pauze@parl.gc.ca,http://www.moniquepauze.quebec,/Content/Parliamentarians/Images/OfficialMPPhotos/44/PauzéMonique_BQ.jpg,https://www.ourcommons.ca/members/en/monique-pauze(88595)
109922,1708714122709,,Rick,Perkins,South Shore—St. Margarets,Nova Scotia,Conservative,rick.perkins@parl.gc.ca,http://rickperkinsmp.ca,/Content/Parliamentarians/Images/OfficialMPPhotos/44/PerkinsRick_CPC.jpg,https://www.ourcommons.ca/members/en/rick-perkins(109922)
88418,1708714122709,,Yves,Perron,Berthier—Maskinongé,Quebec,Bloc Québécois,Yves.Perron@parl.gc.ca,http://www.yvesperron.quebec,/Content/Parliamentarians/Images/OfficialMPPhotos/44/PerronYves_BQ.jpg,https://www.ourcommons.ca/members/en/yves-perron(88418)
88364,1708714122709,Hon.,Ginette,Petitpas Taylor,Moncton—Riverview—Dieppe,New Brunswick,Liberal,ginette.petitpastaylor@parl.gc.ca,http://ginettepetitpastaylor.libparl.ca,/Content/Parliamentarians/Images/OfficialMPPhotos/44/PetitpasTaylorGinette_Lib.jpg,https://www.ourcommons.ca/members/en/ginette-petitpas-taylor(88364)
413,1708714122709,,Louis,Plamondon,Bécancour—Nicolet—Saurel,Quebec,Bloc Québécois,louis.plamondon@parl.gc.ca,http://louisplamondon.com,/Content/Parliamentarians/Images/OfficialMPPhotos/44/PlamondonLouis_BQ.jpg,https://www.ourcommons.ca/members/en/louis-plamondon(413)
25524,1708714122709,Hon.,Pierre,Poilievre,Carleton,Ontario,Conservative,pierre.poilievre@parl.gc.ca,http://pierremp.ca,/Content/Parliamentarians/Images/OfficialMPPhotos/44/PoilievrePierre_CPC.jpg,https://www.ourcommons.ca/members/en/pierre-poilievre(25524)
105437,1708714122709,,Marcus,Powlowski,Thunder Bay—Rainy River,Ontario,Liberal,Marcus.Powlowski@parl.gc.ca,,/Content/Parliamentarians/Images/OfficialMPPhotos/44/PowlowskiMarcus_Lib.jpg,https://www.ourcommons.ca/members/en/marcus-powlowski(105437)
89272,1708714122709,Hon.,Carla,Qualtrough,Delta,British Columbia,Liberal,carla.qualtrough@parl.gc.ca,http://carlaqualtrough.libparl.ca,/Content/Parliamentarians/Images/OfficialMPPhotos/44/QualtroughCarla_Lib.jpg,https://www.ourcommons.ca/members/en/carla-qualtrough(89272)
88600,1708714122709,,Alain,Rayes,Richmond—Arthabaska,Quebec,Independent,alain.rayes@parl.gc.ca,http://www.alainrayes.ca,/Content/Parliamentarians/Images/OfficialMPPhotos/44/RayesAlain_CPC.jpg,https://www.ourcommons.ca/members/en/alain-rayes(88600)
105598,1708714122709,,Brad,Redekopp,Saskatoon West,Saskatchewan,Conservative,Brad.Redekopp@parl.gc.ca,http://www.bradredekoppmp.ca,/Content/Parliamentarians/Images/OfficialMPPhotos/44/RedekoppBrad_CPC.jpg,https://www.ourcommons.ca/members/en/brad-redekopp(105598)
1827,1708714122709,,Scott,Reid,Lanark—Frontenac—Kingston,Ontario,Conservative,scott.reid@parl.gc.ca,http://scottreid.ca,/Content/Parliamentarians/Images/OfficialMPPhotos/44/ReidScott_CPC.jpg,https://www.ourcommons.ca/members/en/scott-reid(1827)
71902,1708714122709,Hon.,Michelle,Rempel Garner,Calgary Nose Hill,Alberta,Conservative,michelle.rempel@parl.gc.ca,,/Content/Parliamentarians/Images/OfficialMPPhotos/44/RempelMichelle_CPC.jpg,https://www.ourcommons.ca/members/en/michelle-rempel-garner(71902)
59235,1708714122709,,Blake,Richards,Banff—Airdrie,Alberta,Conservative,blake.richards@parl.gc.ca,http://www.blakerichards.ca,/Content/Parliamentarians/Images/OfficialMPPhotos/44/RichardsBlake_CPC.jpg,https://www.ourcommons.ca/members/en/blake-richards(59235)
105191,1708714122709,,Anna,Roberts,King—Vaughan,Ontario,Conservative,anna.roberts@parl.gc.ca,,/Content/Parliamentarians/Images/OfficialMPPhotos/44/RobertsAnna_CPC.jpg,https://www.ourcommons.ca/members/en/anna-roberts(105191)
88617,1708714122709,,Yves,Robillard,Marc-Aurèle-Fortin,Quebec,Liberal,Yves.Robillard@parl.gc.ca,,/Content/Parliamentarians/Images/OfficialMPPhotos/44/RobillardYves_Lib.jpg,https://www.ourcommons.ca/members/en/yves-robillard(88617)
25451,1708714122709,Hon.,Pablo,Rodriguez,Honoré-Mercier,Quebec,Liberal,pablo.rodriguez@parl.gc.ca,http://www.pablorodriguez.ca/en,/Content/Parliamentarians/Images/OfficialMPPhotos/44/RodriguezPablo_Lib.jpg,https://www.ourcommons.ca/members/en/pablo-rodriguez(25451)
98744,1708714122709,,Churence,Rogers,Bonavista—Burin—Trinity,Newfoundland and Labrador,Liberal,Churence.Rogers@parl.gc.ca,http://churencerogers.libparl.ca,/Content/Parliamentarians/Images/OfficialMPPhotos/44/RogersChurence_Lib.jpg,https://www.ourcommons.ca/members/en/churence-rogers(98744)
88521,1708714122709,,Sherry,Romanado,Longueuil—Charles-LeMoyne,Quebec,Liberal,sherry.romanado@parl.gc.ca,,/Content/Parliamentarians/Images/OfficialMPPhotos/44/RomanadoSherry_Lib.jpg,https://www.ourcommons.ca/members/en/sherry-romanado(88521)
105210,1708714122709,,Lianne,Rood,Lambton—Kent—Middlesex,Ontario,Conservative,Lianne.Rood@parl.gc.ca,http://www.liannerood.ca,/Content/Parliamentarians/Images/OfficialMPPhotos/44/RoodLianne_CPC.jpg,https://www.ourcommons.ca/members/en/lianne-rood(105210)
25452,1708714122709,,Anthony,Rota,Nipissing—Timiskaming,Ontario,Liberal,anthony.rota@parl.gc.ca,http://anthonyrota.libparl.ca,/Content/Parliamentarians/Images/OfficialMPPhotos/44/RotaAnthony_Lib.jpg,https://www.ourcommons.ca/members/en/anthony-rota(25452)
105070,1708714122709,,Alex,Ruff,Bruce—Grey—Owen Sound,Ontario,Conservative,Alex.Ruff@parl.gc.ca,http://www.alexruffmp.ca,/Content/Parliamentarians/Images/OfficialMPPhotos/44/RuffAlex_CPC.jpg,https://www.ourcommons.ca/members/en/alex-ruff(105070)
88698,1708714122709,Hon.,Ruby,Sahota,Brampton North,Ontario,Liberal,ruby.sahota@parl.gc.ca,http://rubysahota.libparl.ca,/Content/Parliamentarians/Images/OfficialMPPhotos/44/SahotaRuby_Lib.jpg,https://www.ourcommons.ca/members/en/ruby-sahota(88698)
89497,1708714122709,Hon.,Harjit S.,Sajjan,Vancouver South,British Columbia,Liberal,harjit.sajjan@parl.gc.ca,http://harjitsajjan.libparl.ca,/Content/Parliamentarians/Images/OfficialMPPhotos/44/SajjanHarjit_Lib.jpg,https://www.ourcommons.ca/members/en/harjit-s-sajjan(89497)
107099,1708714122709,Hon.,Ya'ara,Saks,York Centre,Ontario,Liberal,yaara.saks@parl.gc.ca,http://yaarasaks.libparl.ca,/Content/Parliamentarians/Images/OfficialMPPhotos/44/SaksYaara_Lib.jpg,https://www.ourcommons.ca/members/en/yaara-saks(107099)
88333,1708714122709,,Darrell,Samson,Sackville—Preston—Chezzetcook,Nova Scotia,Liberal,darrell.samson@parl.gc.ca,http://darrellsamson.libparl.ca,/Content/Parliamentarians/Images/OfficialMPPhotos/44/SamsonDarrell_Lib.jpg,https://www.ourcommons.ca/members/en/darrell-samson(88333)
89339,1708714122709,,Randeep,Sarai,Surrey Centre,British Columbia,Liberal,randeep.sarai@parl.gc.ca,http://randeepsarai.libparl.ca,/Content/Parliamentarians/Images/OfficialMPPhotos/44/SaraiRandeep_Lib.jpg,https://www.ourcommons.ca/members/en/randeep-sarai(89339)
104944,1708714122709,,Simon-Pierre,Savard-Tremblay,Saint-Hyacinthe—Bagot,Quebec,Bloc Québécois,Simon-Pierre.Savard-Tremblay@parl.gc.ca,http://www.spst.quebec,/Content/Parliamentarians/Images/OfficialMPPhotos/44/SavardTremblaySimonPierre_BQ.jpg,https://www.ourcommons.ca/members/en/simon-pierre-savard-tremblay(104944)
25453,1708714122709,,Francis,Scarpaleggia,Lac-Saint-Louis,Quebec,Liberal,francis.scarpaleggia@parl.gc.ca,http://francisscarpaleggia.libparl.ca,/Content/Parliamentarians/Images/OfficialMPPhotos/44/ScarpaleggiaFrancis_Lib.jpg,https://www.ourcommons.ca/members/en/francis-scarpaleggia(25453)
25454,1708714122709,Hon.,Andrew,Scheer,Regina—Qu'Appelle,Saskatchewan,Conservative,Andrew.Scheer@parl.gc.ca,http://www.andrewmp.ca,/Content/Parliamentarians/Images/OfficialMPPhotos/44/ScheerAndrew_CPC.jpg,https://www.ourcommons.ca/members/en/andrew-scheer(25454)
88649,1708714122709,,Peter,Schiefke,Vaudreuil—Soulanges,Quebec,Liberal,peter.schiefke@parl.gc.ca,http://peterschiefke.libparl.ca/?lang=en,/Content/Parliamentarians/Images/OfficialMPPhotos/44/SchiefkePeter_Lib.jpg,https://www.ourcommons.ca/members/en/peter-schiefke(88649)
88770,1708714122709,,Jamie,Schmale,Haliburton—Kawartha Lakes—Brock,Ontario,Conservative,jamie.schmale@parl.gc.ca,http://jamieschmale.ca,/Content/Parliamentarians/Images/OfficialMPPhotos/44/SchmaleJamie_CPC.jpg,https://www.ourcommons.ca/members/en/jamie-schmale(88770)
58841,1708714122709,,Kyle,Seeback,Dufferin—Caledon,Ontario,Conservative,Kyle.Seeback@parl.gc.ca,http://www.kyleseeback.ca,/Content/Parliamentarians/Images/OfficialMPPhotos/44/SeebackKyle_CPC.jpg,https://www.ourcommons.ca/members/en/kyle-seeback(58841)
88874,1708714122709,,Marc,Serré,Nickel Belt,Ontario,Liberal,marc.serre@parl.gc.ca,http://marcserre.libparl.ca,/Content/Parliamentarians/Images/OfficialMPPhotos/44/SerréMarc_Lib.jpg,https://www.ourcommons.ca/members/en/marc-g-serre(88874)
1787,1708714122709,Hon.,Judy A.,Sgro,Humber River—Black Creek,Ontario,Liberal,judy.sgro@parl.gc.ca,http://judysgro.libparl.ca,/Content/Parliamentarians/Images/OfficialMPPhotos/44/SgroJudyA_Lib.jpg,https://www.ourcommons.ca/members/en/judy-a-sgro(1787)
88442,1708714122709,,Brenda,Shanahan,Châteauguay—Lacolle,Quebec,Liberal,brenda.shanahan@parl.gc.ca,http://brendashanahan.libparl.ca/?lang=en,/Content/Parliamentarians/Images/OfficialMPPhotos/44/ShanahanBrenda_Lib.jpg,https://www.ourcommons.ca/members/en/brenda-shanahan(88442)
88944,1708714122709,,Terry,Sheehan,Sault Ste. Marie,Ontario,Liberal,terry.sheehan@parl.gc.ca,http://terrysheehan.libparl.ca,/Content/Parliamentarians/Images/OfficialMPPhotos/44/SheehanTerry_Lib.jpg,https://www.ourcommons.ca/members/en/terry-sheehan(88944)
89109,1708714122709,,Martin,Shields,Bow River,Alberta,Conservative,martin.shields@parl.gc.ca,http://www.martinshieldsbowriver.ca,/Content/Parliamentarians/Images/OfficialMPPhotos/44/ShieldsMartin_CPC.jpg,https://www.ourcommons.ca/members/en/martin-shields(89109)
105031,1708714122709,,Doug,Shipley,Barrie—Springwater—Oro-Medonte,Ontario,Conservative,Doug.Shipley@parl.gc.ca,http://www.dougshipleymp.ca,/Content/Parliamentarians/Images/OfficialMPPhotos/44/ShipleyDoug_CPC.jpg,https://www.ourcommons.ca/members/en/doug-shipley(105031)
105045,1708714122709,,Maninder,Sidhu,Brampton East,Ontario,Liberal,Maninder.Sidhu@parl.gc.ca,http://manindersidhu.libparl.ca,/Content/Parliamentarians/Images/OfficialMPPhotos/44/SidhuManinder_Lib.jpg,https://www.ourcommons.ca/members/en/maninder-sidhu(105045)
88703,1708714122709,,Sonia,Sidhu,Brampton South,Ontario,Liberal,sonia.sidhu@parl.gc.ca,http://soniasidhu.libparl.ca,/Content/Parliamentarians/Images/OfficialMPPhotos/44/SidhuSonia_Lib.jpg,https://www.ourcommons.ca/members/en/sonia-sidhu(88703)
104773,1708714122709,,Mario,Simard,Jonquière,Quebec,Bloc Québécois,Mario.Simard@parl.gc.ca,http://mariosimard.quebec,/Content/Parliamentarians/Images/OfficialMPPhotos/44/SimardMario_BQ.jpg,https://www.ourcommons.ca/members/en/mario-simard(104773)
110300,1708714122709,,Nathalie,Sinclair-Desgagné,Terrebonne,Quebec,Bloc Québécois,nathalie.sinclair-desgagne@parl.gc.ca,,/Content/Parliamentarians/Images/OfficialMPPhotos/44/SinclairDesgagnéNathalie_BQ.jpg,https://www.ourcommons.ca/members/en/nathalie-sinclair-desgagne(110300)
71588,1708714122709,,Jagmeet,Singh,Burnaby South,British Columbia,NDP,Jagmeet.Singh@parl.gc.ca,,/Content/Parliamentarians/Images/OfficialMPPhotos/44/SinghJagmeet_NDP.jpg,https://www.ourcommons.ca/members/en/jagmeet-singh(71588)
109867,1708714122709,,Clifford,Small,Coast of Bays—Central—Notre Dame,Newfoundland and Labrador,Conservative,clifford.small@parl.gc.ca,,/Content/Parliamentarians/Images/OfficialMPPhotos/44/SmallClifford_CPC.jpg,https://www.ourcommons.ca/members/en/clifford-small(109867)
88999,1708714122709,,Francesco,Sorbara,Vaughan—Woodbridge,Ontario,Liberal,francesco.sorbara@parl.gc.ca,http://francescosorbara.libparl.ca,/Content/Parliamentarians/Images/OfficialMPPhotos/44/SorbaraFrancesco_Lib.jpg,https://www.ourcommons.ca/members/en/francesco-sorbara(88999)
105751,1708714122709,,Gerald,Soroka,Yellowhead,Alberta,Conservative,Gerald.Soroka@parl.gc.ca,http://geraldsorokamp.ca,/Content/Parliamentarians/Images/OfficialMPPhotos/44/SorokaGerald_CPC.jpg,https://www.ourcommons.ca/members/en/gerald-soroka(105751)
114349,1708714122709,,Charles,Sousa,Mississauga—Lakeshore,Ontario,Liberal,charles.sousa@parl.gc.ca,http://charlessousa.libparl.ca,/Content/Parliamentarians/Images/OfficialMPPhotos/44/SousaCharles_Lib.jpg,https://www.ourcommons.ca/members/en/charles-sousa(114349)
105581,1708714122709,,Warren,Steinley,Regina—Lewvan,Saskatchewan,Conservative,Warren.Steinley@parl.gc.ca,http://warrensteinley.com,/Content/Parliamentarians/Images/OfficialMPPhotos/44/SteinleyWarren_CPC.jpg,https://www.ourcommons.ca/members/en/warren-steinley(105581)
88485,1708714122709,,Gabriel,Ste-Marie,Joliette,Quebec,Bloc Québécois,gabriel.ste-marie@parl.gc.ca,http://gabrielstemarie.quebec,/Content/Parliamentarians/Images/OfficialMPPhotos/44/SteMarieGabriel_BQ.jpg,https://www.ourcommons.ca/members/en/gabriel-ste-marie(88485)
109951,1708714122709,,Jake,Stewart,Miramichi—Grand Lake,New Brunswick,Conservative,jake.stewart@parl.gc.ca,,/Content/Parliamentarians/Images/OfficialMPPhotos/44/StewartJake_CPC.jpg,https://www.ourcommons.ca/members/en/jake-stewart(109951)
110044,1708714122709,Hon.,Pascale,St-Onge,Brome—Missisquoi,Quebec,Liberal,pascale.st-onge@parl.gc.ca,http://pascalestonge.libparl.ca,/Content/Parliamentarians/Images/OfficialMPPhotos/44/StOngePascale_Lib.jpg,https://www.ourcommons.ca/members/en/pascale-st-onge(110044)
71986,1708714122709,,Mark,Strahl,Chilliwack—Hope,British Columbia,Conservative,Mark.Strahl@parl.gc.ca,http://www.markstrahl.com,/Content/Parliamentarians/Images/OfficialMPPhotos/44/StrahlMark_CPC.jpg,https://www.ourcommons.ca/members/en/mark-strahl(71986)
89198,1708714122709,,Shannon,Stubbs,Lakeland,Alberta,Conservative,shannon.stubbs@parl.gc.ca,http://www.shannonstubbs.ca,/Content/Parliamentarians/Images/OfficialMPPhotos/44/StubbsShannon_CPC.jpg,https://www.ourcommons.ca/members/en/shannon-stubbs(89198)
110459,1708714122709,Hon.,Jenna,Sudds,Kanata—Carleton,Ontario,Liberal,jenna.sudds@parl.gc.ca,,/Content/Parliamentarians/Images/OfficialMPPhotos/44/SuddsJenna_Lib.jpg,https://www.ourcommons.ca/members/en/jenna-sudds(110459)
88784,1708714122709,Hon.,Filomena,Tassi,Hamilton West—Ancaster—Dundas,Ontario,Liberal,filomena.tassi@parl.gc.ca,,/Content/Parliamentarians/Images/OfficialMPPhotos/44/TassiFilomena_Lib.jpg,https://www.ourcommons.ca/members/en/filomena-tassi(88784)
105024,1708714122709,,Leah,Taylor Roy,Aurora—Oak Ridges—Richmond Hill,Ontario,Liberal,leah.taylorroy@parl.gc.ca,,/Content/Parliamentarians/Images/OfficialMPPhotos/44/TaylorRoyLeah_Lib.jpg,https://www.ourcommons.ca/members/en/leah-taylor-roy(105024)
88552,1708714122709,,Luc,Thériault,Montcalm,Quebec,Bloc Québécois,luc.theriault@parl.gc.ca,http://luctheriault.quebec,/Content/Parliamentarians/Images/OfficialMPPhotos/44/ThériaultLuc_BQ.jpg,https://www.ourcommons.ca/members/en/luc-theriault(88552)
104783,1708714122709,,Alain,Therrien,La Prairie,Quebec,Bloc Québécois,Alain.Therrien@parl.gc.ca,,/Content/Parliamentarians/Images/OfficialMPPhotos/44/TherrienAlain_BQ.jpg,https://www.ourcommons.ca/members/en/alain-therrien(104783)
89200,1708714122709,,Rachael,Thomas,Lethbridge,Alberta,Conservative,rachael.thomas@parl.gc.ca,http://www.rachaelthomas.ca,/Content/Parliamentarians/Images/OfficialMPPhotos/44/ThomasRachael_CPC.jpg,https://www.ourcommons.ca/members/en/rachael-thomas(89200)
109877,1708714122709,,Joanne,Thompson,St. John's East,Newfoundland and Labrador,Liberal,joanne.thompson@parl.gc.ca,http://joannethompson.libparl.ca,/Content/Parliamentarians/Images/OfficialMPPhotos/44/ThompsonJoanne_Lib.jpg,https://www.ourcommons.ca/members/en/joanne-thompson(109877)
84882,1708714122709,,Corey,Tochor,Saskatoon—University,Saskatchewan,Conservative,Corey.Tochor@parl.gc.ca,http://coreytochormp.ca,/Content/Parliamentarians/Images/OfficialMPPhotos/44/TochorCorey_CPC.jpg,https://www.ourcommons.ca/members/en/corey-tochor(84882)
110800,1708714122709,,Fraser,Tolmie,Moose Jaw—Lake Centre—Lanigan,Saskatchewan,Conservative,fraser.tolmie@parl.gc.ca,http://frasertolmiemp.ca,/Content/Parliamentarians/Images/OfficialMPPhotos/44/TolmieFraser_CPC.jpg,https://www.ourcommons.ca/members/en/fraser-tolmie(110800)
58733,1708714122709,Right Hon.,Justin,Trudeau,Papineau,Quebec,Liberal,justin.trudeau@parl.gc.ca,,/Content/Parliamentarians/Images/OfficialMPPhotos/44/TrudeauJustin_LIB.jpg,https://www.ourcommons.ca/members/en/justin-trudeau(58733)
88530,1708714122709,,Denis,Trudel,Longueuil—Saint-Hubert,Quebec,Bloc Québécois,Denis.Trudel@parl.gc.ca,http://denistrudel.quebec,/Content/Parliamentarians/Images/OfficialMPPhotos/44/TrudelDenis_BQ.jpg,https://www.ourcommons.ca/members/en/denis-trudel(88530)
105480,1708714122709,,Ryan,Turnbull,Whitby,Ontario,Liberal,Ryan.Turnbull@parl.gc.ca,http://www.ryanturnbullmp.ca,/Content/Parliamentarians/Images/OfficialMPPhotos/44/TurnbullRyan_CPC.jpg,https://www.ourcommons.ca/members/en/ryan-turnbull(105480)
30645,1708714122709,Hon.,Tim,Uppal,Edmonton Mill Woods,Alberta,Conservative,Tim.Uppal@parl.gc.ca,http://timuppal.ca,/Content/Parliamentarians/Images/OfficialMPPhotos/44/UppalTim_CPC.jpg,https://www.ourcommons.ca/members/en/tim-uppal(30645)
110538,1708714122709,Hon.,Rechie,Valdez,Mississauga—Streetsville,Ontario,Liberal,rechie.valdez@parl.gc.ca,http://rechievaldez.libparl.ca,/Content/Parliamentarians/Images/OfficialMPPhotos/44/ValdezRechie_Lib.jpg,https://www.ourcommons.ca/members/en/rechie-valdez(110538)
105270,1708714122709,,Tony,Van Bynen,Newmarket—Aurora,Ontario,Liberal,Tony.VanBynen@parl.gc.ca,http://www.vanbynen.ca,/Content/Parliamentarians/Images/OfficialMPPhotos/44/VanBynenTony_Lib.jpg,https://www.ourcommons.ca/members/en/tony-van-bynen(105270)
105242,1708714122709,,Adam,van Koeverden,Milton,Ontario,Liberal,Adam.vanKoeverden@parl.gc.ca,http://www.adamvankoeverdenmp.ca,/Content/Parliamentarians/Images/OfficialMPPhotos/44/vanKoeverdenAdam_Lib.jpg,https://www.ourcommons.ca/members/en/adam-van-koeverden(105242)
105811,1708714122709,,Tako,Van Popta,Langley—Aldergrove,British Columbia,Conservative,Tako.VanPopta@parl.gc.ca,http://www.takovanpoptamp.ca,/Content/Parliamentarians/Images/OfficialMPPhotos/44/VanPoptaTako_CPC.jpg,https://www.ourcommons.ca/members/en/tako-van-popta(105811)
89045,1708714122709,Hon.,Dan,Vandal,Saint Boniface—Saint Vital,Manitoba,Liberal,dan.vandal@parl.gc.ca,http://danvandal.libparl.ca,/Content/Parliamentarians/Images/OfficialMPPhotos/44/VandalDan_Lib.jpg,https://www.ourcommons.ca/members/en/dan-vandal(89045)
71738,1708714122709,,Anita,Vandenbeld,Ottawa West—Nepean,Ontario,Liberal,anita.vandenbeld@parl.gc.ca,http://www.anitamp.ca,/Content/Parliamentarians/Images/OfficialMPPhotos/44/VandenbeldAnita_Lib.jpg,https://www.ourcommons.ca/members/en/anita-vandenbeld(71738)
88742,1708714122709,,Karen,Vecchio,Elgin—Middlesex—London,Ontario,Conservative,Karen.Vecchio@parl.gc.ca,http://www.karenvecchiomp.ca,/Content/Parliamentarians/Images/OfficialMPPhotos/44/VecchioKaren_CPC.jpg,https://www.ourcommons.ca/members/en/karen-vecchio(88742)
105562,1708714122709,,Gary,Vidal,Desnethé—Missinippi—Churchill River,Saskatchewan,Conservative,Gary.Vidal@parl.gc.ca,http://garyvidal.ca,/Content/Parliamentarians/Images/OfficialMPPhotos/44/VidalGary_CPC.jpg,https://www.ourcommons.ca/members/en/gary-vidal(105562)
110009,1708714122709,,Dominique,Vien,Bellechasse—Les Etchemins—Lévis,Quebec,Conservative,dominique.vien@parl.gc.ca,,/Content/Parliamentarians/Images/OfficialMPPhotos/44/VienDominique_CPC.jpg,https://www.ourcommons.ca/members/en/dominique-vien(110009)
89211,1708714122709,,Arnold,Viersen,Peace River—Westlock,Alberta,Conservative,arnold.viersen@parl.gc.ca,http://mparnold.ca,/Content/Parliamentarians/Images/OfficialMPPhotos/44/ViersenArnold_CPC.jpg,https://www.ourcommons.ca/members/en/arnold-viersen(89211)
104656,1708714122709,,Julie,Vignola,Beauport—Limoilou,Quebec,Bloc Québécois,Julie.Vignola@parl.gc.ca,http://julievignola.quebec,/Content/Parliamentarians/Images/OfficialMPPhotos/44/VignolaJulie_BQ.jpg,https://www.ourcommons.ca/members/en/julie-vignola(104656)
110306,1708714122709,,René,Villemure,Trois-Rivières,Quebec,Bloc Québécois,rene.villemure@parl.gc.ca,http://www.renevillemure3r.quebec,/Content/Parliamentarians/Images/OfficialMPPhotos/44/VillemureRené_BQ.jpg,https://www.ourcommons.ca/members/en/rene-villemure(110306)
88910,1708714122709,Hon.,Arif,Virani,Parkdale—High Park,Ontario,Liberal,arif.virani@parl.gc.ca,http://arifvirani.libparl.ca,/Content/Parliamentarians/Images/OfficialMPPhotos/44/ViraniArif_Lib.jpg,https://www.ourcommons.ca/members/en/arif-virani(88910)
89289,1708714122709,,Brad,Vis,Mission—Matsqui—Fraser Canyon,British Columbia,Conservative,Brad.Vis@parl.gc.ca,http://www.bradvis.ca,/Content/Parliamentarians/Images/OfficialMPPhotos/44/VisBrad_CPC.jpg,https://www.ourcommons.ca/members/en/brad-vis(89289)
110654,1708714122709,,Kevin,Vuong,Spadina—Fort York,Ontario,Independent,kevin.vuong@parl.gc.ca,http://www.kevinvuong.com,/Content/Parliamentarians/Images/OfficialMPPhotos/44/VuongKevin_Ind.jpg,https://www.ourcommons.ca/members/en/kevin-vuong(110654)
89098,1708714122709,,Cathay,Wagantall,Yorkton—Melville,Saskatchewan,Conservative,cathay.wagantall@parl.gc.ca,http://www.cathaywagantall.ca,/Content/Parliamentarians/Images/OfficialMPPhotos/44/WagantallCathay_CPC.jpg,https://www.ourcommons.ca/members/en/cathay-wagantall(89098)
35886,1708714122709,,Chris,Warkentin,Grande Prairie—Mackenzie,Alberta,Conservative,chris.warkentin@parl.gc.ca,http://www.chriswarkentin.com,/Content/Parliamentarians/Images/OfficialMPPhotos/44/WarkentinChris_CPC.jpg,https://www.ourcommons.ca/members/en/chris-warkentin(35886)
89084,1708714122709,,Kevin,Waugh,Saskatoon—Grasswood,Saskatchewan,Conservative,kevin.waugh@parl.gc.ca,http://kevinwaugh.ca,/Content/Parliamentarians/Images/OfficialMPPhotos/44/WaughKevin_CPC.jpg,https://www.ourcommons.ca/members/en/kevin-waugh(89084)
89116,1708714122709,,Len,Webber,Calgary Confederation,Alberta,Conservative,len.webber@parl.gc.ca,http://www.lenwebbermp.ca,/Content/Parliamentarians/Images/OfficialMPPhotos/44/WebberLen_CPC.jpg,https://www.ourcommons.ca/members/en/len-webber(89116)
105918,1708714122709,,Patrick,Weiler,West Vancouver—Sunshine Coast—Sea to Sky Country,British Columbia,Liberal,Patrick.Weiler@parl.gc.ca,http://patrickweiler.libparl.ca,/Content/Parliamentarians/Images/OfficialMPPhotos/44/WeilerPatrick_Lib.jpg,https://www.ourcommons.ca/members/en/patrick-weiler(105918)
89300,1708714122709,Hon.,Jonathan,Wilkinson,North Vancouver,British Columbia,Liberal,jonathan.wilkinson@parl.gc.ca,http://jonathanwilkinson.libparl.ca,/Content/Parliamentarians/Images/OfficialMPPhotos/44/WilkinsonJonathan_Lib.jpg,https://www.ourcommons.ca/members/en/jonathan-wilkinson(89300)
110330,1708714122709,,Ryan,Williams,Bay of Quinte,Ontario,Conservative,ryan.williams@parl.gc.ca,http://ryanwilliamsmp.ca,/Content/Parliamentarians/Images/OfficialMPPhotos/44/WilliamsRyan_CPC.jpg,https://www.ourcommons.ca/members/en/ryan-williams(110330)
71323,1708714122709,,John,Williamson,New Brunswick Southwest,New Brunswick,Conservative,John.Williamson@parl.gc.ca,http://www.johnwilliamsonmp.ca,/Content/Parliamentarians/Images/OfficialMPPhotos/44/WilliamsonJohn_CPC.jpg,https://www.ourcommons.ca/members/en/john-williamson(71323)
98747,1708714122709,,Jean,Yip,Scarborough—Agincourt,Ontario,Liberal,Jean.Yip@parl.gc.ca,http://jeanyip.libparl.ca,/Content/Parliamentarians/Images/OfficialMPPhotos/44/YipJean_Lib.jpg,https://www.ourcommons.ca/members/en/jean-yip(98747)
88950,1708714122709,,Salma,Zahid,Scarborough Centre,Ontario,Liberal,salma.zahid@parl.gc.ca,http://salmazahid.libparl.ca,/Content/Parliamentarians/Images/OfficialMPPhotos/44/ZahidSalma_Lib.jpg,https://www.ourcommons.ca/members/en/salma-zahid(88950)
105837,1708714122709,,Bonita,Zarrillo,Port Moody—Coquitlam,British Columbia,NDP,bonita.zarrillo@parl.gc.ca,,/Content/Parliamentarians/Images/OfficialMPPhotos/44/ZarrilloBonita_NDP.jpg,https://www.ourcommons.ca/members/en/bonita-zarrillo(105837)
72035,1708714122709,,Bob,Zimmer,Prince George—Peace River—Northern Rockies,British Columbia,Conservative,bob.zimmer@parl.gc.ca,http://www.bobzimmer.ca,/Content/Parliamentarians/Images/OfficialMPPhotos/44/ZimmerBob_CPC.jpg,https://www.ourcommons.ca/members/en/bob-zimmer(72035)
54157,1708714122709,,Sameer,Zuberi,Pierrefonds—Dollard,Quebec,Liberal,Sameer.Zuberi@parl.gc.ca,https://sameerzuberi.libparl.ca/?lang=en,/Content/Parliamentarians/Images/OfficialMPPhotos/44/ZuberiSameer_Lib.jpg,https://www.ourcommons.ca/members/en/sameer-zuberi(54157)
